title,sold_price,link,sold_date,size,condition
adidas yeezy boost 350 2023 pirate black size 10.5 - bb5350,$215.00,https://www.ebay.com/itm/306438290648?_skw=adidas+yeezy+350&epid=2310933729&itmmeta=01k2f8dszgphedn3s1vege9bea&hash=item4759253cd8:g:n5uaaesw1afolf1t&itmprp=enc%3aaqakaaaa8fkggfvd1ggdu0w3yxcmi1dyw4kbus8u9v%2banr0tixozthzxukyt38kdnoglbld%2fkn5d4--pq76l1wjbhkz1%2fys7%2bbvsbbqz1vpkxh%2bs8c5jb77g9fqizlnpzieyvlsg1evxmrdtsvfz2luazvmgn7fvesijavesv84l68gfo3wytl%2fcpr60dm2equ8rjmidja2cw0k74ahd7y6kym%2bkkwjei9ljx8a6uox4rfi4prdvcxrukixjc5dyrd9likgleqyev6jrvq3htqbjcdziwlscbc7q1zrudhtob87faa068uij4jrahyej4l7d7csd6w%3d%3d%7ctkp%3abk9sr4agt-itzg,"Aug 9, 2025",10.5,Pre-Owned ¬∑
adidas yeezy boost 350 2015 pirate black size 10.5 aq2659,$219.99,https://www.ebay.com/itm/326690509599?_skw=adidas+yeezy+350&epid=21039800174&itmmeta=01k2f8ee10wcc9ctc5gvcr4txa&hash=item4c1045931f:g:nfiaaeswcrnn4bdd&itmprp=enc%3aaqakaaaa8fkggfvd1ggdu0w3yxcmi1dhjodyzsx4%2fhhwbpfhujzmvcjlpaf0wiv5mbiqc6%2fghwodvxdlxvjvkuvreec40vs9vy3aqs7wvuslmk8xa6aha7yi0%2b%2bp4wrm2qmgzeodf7%2bp69ah7%2fklkfz0j2dnainzvaav8%2bchckehdmclw7tonu4u8suj6sm%2b66g30o25ldgyoggnpqatnoyoghmev1n043%2b5jrg3lxsceytmqqkg%2fxdg1ltf2ezm0mw6mszhl5aym3tolayjg8f0knl4rtyqrtfzxshnt344xfsrgk%2fvb9bbxehbj%2byfsli%2flg3wfq%3d%3d%7ctkp%3abk9sr97gueitzg,"Aug 8, 2025",10.5,Pre-Owned ¬∑
adidas yeezy boost 350 v2 core black green - size 10.5 - by9611,$325.00,https://www.ebay.com/itm/306282257626?_skw=adidas+yeezy+350&epid=5039810171&itmmeta=01k2f8ee10gcp5g1n5cy5cevqq&hash=item474fd85cda:g:fpuaaoswqu9oe5od&itmprp=enc%3aaqakaaaa8fkggfvd1ggdu0w3yxcmi1e8rzayqvhu0o0c9d4jiwhww%2bwifwhtdebldt8ii0nzhkyxotnabbehdpbxsfpvbn9obkocqfmnixq5vnbnrtojbq3wmzrg6chirptyhdxgivsbcf2mv%2fxloqrvg1mvwnu%2bdpffxkdb0meuhuajgw0n7ww0xav4sko%2fp4uy3e5zfoxrqsu0%2f3c8cx3lojeugzywizwutiiooyq%2fwcakpclkculvfbztofhoogslzgqtquvoivfryn1wl5l4h5j7dammpvh9zrwcc4fq5kpyj%2bkla%2btx65fktr4lu8%2bpyja06q%3d%3d%7ctkp%3abk9sr97gueitzg,"Aug 7, 2025",10.5,Brand New
"adidas yeezy boost 350 v2 onyx men‚Äôs size 10.5 in hand, ready to ship!!!!",$279.00,https://www.ebay.com/itm/134595214228?_skw=adidas+yeezy+350&epid=19052584131&itmmeta=01k2f8ee11gfv1v2yrmg9gnnbh&hash=item1f567ffb94:g:brcaaoswhbjkeukx&itmprp=enc%3aaqakaaaa0fkggfvd1ggdu0w3yxcmi1duz9er5p0cdjpu1gx2dfb11t6wlrglcq7adjy622hn5cfqyybp1%2brz3793shlf02%2bea%2ffotq3uxaompslibewrcefyctjgubxitvdvmwkxc72phhjwqhnr3fnttauzzspdosycz5yuuhlvdrftwzhxrzajhvsigvccpx225blporai6cziuh7le0udrcnbswihdm71ol5lqq%2bchd7hmdnyw%2fbo6grwxvh%2fvo78cupievy10kbszbc9v1lz9xfxysi%3d%7ctkp%3abk9sr-dgueitzg,"Aug 8, 2025",10.5,Brand New
adidas yeezy boost 350 v2 men's size 10.5 core white,$120.00,https://www.ebay.com/itm/127284539242?_skw=adidas+yeezy+350&epid=11039794765&itmmeta=01k2f8ee11r5bax92ds6y78htp&hash=item1da2bfef6a:g:41yaaeswdwxojr7r&itmprp=enc%3aaqakaaaa0fkggfvd1ggdu0w3yxcmi1cbh7hrf1eg%2bid2sechb59auixrctbc6rj9v9xz3woqqel9eg4geodqfx%2bxzymff8okq%2bhmpfsucwza6ao7xrwvaotceqrkicij3yu3hltqgwdarscezvk2r%2b53iwva5uqx0rgz4xala9oervnil4uxte1ngmpoiieh57nsdj80oy6wznkrcacvjztwbvwx06wgx4bvn3dhwbtqaddwbnbxpogasl8dkmi5qpdfgzqemybxqx9apdu4q8b61cyemh8%3d%7ctkp%3abk9sr-lgueitzg,"Aug 8, 2025",10.5,Pre-Owned ¬∑
adidas yeezy 350 v2 ashblue us size 10.5 men's gy7657 pre-owned,$110.00,https://www.ebay.com/itm/365727772973?_skw=adidas+yeezy+350&epid=3044912716&itmmeta=01k2f8ee11dsj0s5433ba979sy&hash=item552712f12d:g:dewaaeswk3boc7jr&itmprp=enc%3aaqakaaaa8fkggfvd1ggdu0w3yxcmi1d4v%2beczo1jeqirjavzdrta9koy9vh4a10jdgjt7v4j88%2bapeqcqvxcs1mafvsocekf5zekn6gxbafq4uwgahqrevfpcw3bddwzt43m2ivnwax8xe8ntw7o7yehe%2fsohdskovfbpeqjyvzvbo1p4h--qhio6%2bgvt%2baberqcof83p%2fwtymcmyb1hg%2b%2bletodcnxenlh35dlkev2zd%2b%2bl78%2fn058olzdvfqpjuf7nezvqubl11fx4fnbinm79wofl1n1s16mfjymqi6h%2bf1jrnrfadelimoffw7gfngjwqozo5w%3d%3d%7ctkp%3abk9sr-lgueitzg,"Aug 8, 2025",10.5,Pre-Owned ¬∑
‚ö°Ô∏è adidas men's yeezy boost 350 v2 butter us size 10.5 ‚ö°Ô∏è,$49.00,https://www.ebay.com/itm/376454140824?_skw=adidas+yeezy+350&epid=28039802658&itmmeta=01k2f8djy7ygvkgq9wn51a187r&hash=item57a66a5398:g:jw0aaeswb5poj4b4&itmprp=enc%3aaqakaaaa0fkggfvd1ggdu0w3yxcmi1danl88eho%2fzjiszinrrlq4tmr6%2fhjrm66f0chyi2cfbjxz6klamks1oiy8anx64bgjcqpe7n5kzwsk7vnnyb6dj0r5ci2uwnp%2f4comde5stai2pjfqeqb8dj%2fpwqg8awtkmu7scowmblkotv5y9bp7a2rd6bmhukphmqwrwoubjorolmudvmcutghb78nilb8mi2l%2bbqtmdm79gxcpszotatrppehoqurzwznevz%2b0owkddqasgvo1na6ntsn4fz8%3d%7ctkp%3abk9sr7qvtuitzg,"Aug 10, 2025",10.5,Pre-Owned ¬∑
yeezy 350 boost v2 black non reflective size 10.5 men‚Äôs replacement box,$132.00,https://www.ebay.com/itm/317160490343?_skw=adidas+yeezy+350&epid=21051118789&itmmeta=01k2f8djy7vzcem8zpj9mevrd1&hash=item49d83d0567:g:qloaaeswsh9ols5z&itmprp=enc%3aaqakaaaa0fkggfvd1ggdu0w3yxcmi1fzlyfqalohamqpf0mlw7kfls2qnmbwbs9mflt%2fngfe3%2b64zja6hairovwzx6wmjpvy02c%2fn%2fkarlayfzqgj6kqdifbhrg%2bjtghjpvt34sjypeksb1ivua3qkmsqkonxuzflzrunoqwysk2uezbxtjm%2fngfysmdeltuvqcctksszbgb7kzb%2bye523vowsoge7zd7lrb21rdtdpoig9oyxwja%2bi9reo9z%2fgu3fti3vmbvmdrxvs%2bcl9vir4hudrxcge%3d%7ctkp%3abk9sr7qvtuitzg,"Aug 10, 2025",10.5,Pre-Owned ¬∑
adidas yeezy boost 350 v2 flax (men's) size 10. authentic,$162.51,https://www.ebay.com/itm/205649388815?_skw=adidas+yeezy+350&epid=6039897743&itmmeta=01k2f8dszg3b1chyq0ygmmjxqj&hash=item2fe1a8a50f:g:upaaaeswvfzojqoc&itmprp=enc%3aaqakaaaa0fkggfvd1ggdu0w3yxcmi1cmwoqdi0rj%2fk%2fyefq5tlusxobqhfpdzn3udtixncuqxj1vgvvbm1ozyquycqcd7stj4xtnqvb5uw8vndksqk42vfxdqhaiigatjya8vsq9temjhbjb%2fgghynnfr6src6%2fmeto1mvdmfldisvmrtjrwvvhsvdv2iu5ajrvo3ns3ym41vxfts1jiwb9eahqsdfmszylbwbv9qn858lgb83%2bj0oll4ahc7rfbo54u1cq%2folg%2bh3gex6pasg9mtkrllnc%3d%7ctkp%3abk9sr4agt-itzg,"Aug 9, 2025",10.0,Brand New
size 10 - adidas yeezy boost 350 v2 carbon beluga orange and gray (brand new),$149.99,https://www.ebay.com/itm/146756593401?_skw=adidas+yeezy+350&epid=10059066379&itmmeta=01k2f8dszgrrmqvxd8jakq6a3v&hash=item222b5fe6f9:g:ig4aaeswcphok6qy&itmprp=enc%3aaqakaaaa8fkggfvd1ggdu0w3yxcmi1cqbhlouteslg4ny4flovbt9izhkwwjr1scqy6m%2b8il9byh9rlkui9xjlz4bwccug%2bjnunnqt%2fgjoxk9b4g2eomzedgaoqp6ba5f10jgbugnmrb1qii3ha9l2ogryielnrfoorrt6zu5fdoqnpl18mzrxy6xd9jyhwvncxlxri7svwh79ub2cqxfuotuzywgg%2fqwq9dwi2%2f727wk6clbd%2bkt4lkxnk8t%2fsyj11qtvqhi0x2v778srp%2bpp9ipimbumqyuhuvr7o8gqzacf7fqtjjuihqent9ryxsvgsyuocljq%3d%3d%7ctkp%3abk9sr4agt-itzg,"Aug 9, 2025",10.0,Brand New
yeezy boost 350 bb5350 size 10,$202.50,https://www.ebay.com/itm/336104633458?_skw=adidas+yeezy+350&epid=2310847787&itmmeta=01k2f8dszgyrrtz56szra7njqh&hash=item4e4165b472:g:ehmaaeswdvtojq9c&itmprp=enc%3aaqakaaaa8fkggfvd1ggdu0w3yxcmi1cqouuyjxzsopjw3haroryzdyve%2bvlejgws8xohpzx3nwk7axlef559muqqozobzk8mfj1bxkaf5klvhhmesdoisw3yynyk%2bq6ur557nlk729o4hxarhcw6qcpxzm9jyn26xptn4al5cohduy%2fhqwwgv6rridhu%2bo81xhcmwkempuy1by1ooeh0o1y%2fesfvriocftwa2tqt6ybaex6ghx%2flarvgadzrn8qt9hby6vwanifaxe4mz90jbtklvt9drx%2bzocwnb9klixigwc5csnafegow9ag3d9cyh4a7ofv63w%3d%3d%7ctkp%3abk9sr4agt-itzg,"Aug 9, 2025",10.0,Brand New
adidas yeezy boost 350 v2 mono ice size 10 üßä,$140.00,https://www.ebay.com/itm/365722812436?_skw=adidas+yeezy+350&epid=18045640606&itmmeta=01k2f8dszg6bxh06sqsyywb51k&hash=item5526c74014:g:5bsaaesw~h1ochbn&itmprp=enc%3aaqakaaaa8fkggfvd1ggdu0w3yxcmi1egny%2fbm%2b6xsdwswazl7tsuigm5aj41ja9sefgdokyupp29k8exkhfe%2fp1dgn1ymlotwcymorukhupmg3s18f9pepmewwbkb4usgrw6iepsjs%2fgk3nzsytzy5zcd%2fx%2fobb%2ff8whynohq3yzvyqgwoyu8kdb3wly1%2f%2bjuzjgaya1mtx2d%2f3iu5zsfzpkda3hjtrigx7njjk1ws9o1ycfrskdxkj21lafm6hgnv3e%2fplu2fz0eqwtwqdspjz8lo0wxt8jinl3y7ds8vttoogtjiqmqu%2fuyv1crlcnncb9jdxvpa%3d%3d%7ctkp%3abk9sr4igt-itzg,"Aug 9, 2025",10.0,Pre-Owned ¬∑
yeezy  350 v2 static size 10,$23.50,https://www.ebay.com/itm/127285990895?_skw=adidas+yeezy+350&epid=20039806120&itmmeta=01k2f8ee104qjf5cgxs16a467b&hash=item1da2d615ef:g:vzsaaeswyyhoj65p&itmprp=enc%3aaqakaaaa8fkggfvd1ggdu0w3yxcmi1dscqzzq85dgbugsq7%2bjywyposliqhrdstnyahngj9iwwhdmtbxlvbwjoygr1xfpbbcxb96dxrk3ckifomkpqjgemcflfdumaomkwofdrr%2bh%2fg4r78isf9ipty3tpbwpht%2f59lzkifntt%2fbg6pdxwdsrwfhbfiuiwhbmf3tjcfxqppeemqo0poitdixhopjrdcxk5bshe23pq1q3o7fgfsflfhwwabyoebp3o293tz9atcptij9%2bgu4wjlybfjwuzs0ybvhoovno5aeuji1vdc3aynm%2fwak56yabrp8skjyca%3d%3d%7ctkp%3abk9sr9zgueitzg,"Aug 8, 2025",10.0,Pre-Owned ¬∑
size 10m/11.5w - adidas yeezy boost 350 v2 cinder fy2903,$240.90,https://www.ebay.com/itm/116721474218?_skw=adidas+yeezy+350&epid=9039797810&itmmeta=01k2f8ee110v0f79vrsbtmvtd0&hash=item1b2d245aaa:g:rlkaaeswh1zokq31&itmprp=enc%3aaqakaaaa0fkggfvd1ggdu0w3yxcmi1efpzpiv2zzurg7grpqomhhhjeuprzgloihpaitvzl4vwcjlugdaopzixmnziyev48nrwdfbloebesj5vlk3hpyarjiakp9usioh2plzxmihv6hbrfjzzvtdmzg%2bj%2fweo8kdykrc%2foc6ppgcukjqhby0mwitgb%2fhvgpgmbu1aokydgxyzwdju1vd99ylwmb8c9r8qdmlvjtoig9evjp6bq0yrmjf7xa9fwqnf8gi0giwhb02gwg1zmbrsmiqecnj48%3d%7ctkp%3abk9sr-dgueitzg,"Aug 8, 2025",10.0,Brand New
yeezy boost 350 sesame size 10 preowned,$65.00,https://www.ebay.com/itm/177295824217?_skw=adidas+yeezy+350&epid=6039811754&itmmeta=01k2f8ee11d298h9b8xm6r43d8&hash=item2947a79559:g:zwkaaeswkxvogqxp&itmprp=enc%3aaqakaaaa0fkggfvd1ggdu0w3yxcmi1diilocs5quhv0k1gsodrn%2fe77rz7btnbnaa6gsc0dwltye7bwuwe02l9dykmsbhat0jbcodddhqj3knaq1thoeffoyoi1xy06qnswrfyrp%2bnq8mule6qg7ifsdvqytzrtiuqjqpagbsyf4pajlwjxd%2fnp2amxsnyrhzl3uo5kzbhce06tgw7azcor2mmvmqgp9kxfp8oku97ixds8fjv4h1z84mrnhxlxnq5ld7q0ay1bgev%2fevsjdfewo%2fvrpnhk%3d%7ctkp%3abk9sr-dgueitzg,"Aug 8, 2025",10.0,Pre-Owned ¬∑
size 10 - adidas yeezy boost 350 v2 low carbon beluga,$140.00,https://www.ebay.com/itm/316861778167?_skw=adidas+yeezy+350&epid=10059066379&itmmeta=01k2f8ee11yeawj07zs7wkkwkn&hash=item49c66f08f7:g:lc4aaeswc69og7up&itmprp=enc%3aaqakaaaa0fkggfvd1ggdu0w3yxcmi1cndldikjvx2piq1ewe6qf7zqagq5neqepeqc%2bcjlytdho%2fxqztcjrdoiiuhs0bwoflew30tw0vjgpdm%2fj9p%2f8padh7eh37g5thwm9vkdgz1qxju8stnlftszu28dbgavx%2ftgxfnvjc9sfisseni8%2bed7lb1bk756tggy9vs%2f32a0xwmbkcqg9q62i9q%2bswdgcifbwknouq6nkn8lrf4nokliuhj%2bpnk14p3moylk9ve%2bawt3bsiqxarxquk%2fvpw%2f0%3d%7ctkp%3abk9sr-dgueitzg,"Aug 8, 2025",10.0,Pre-Owned ¬∑
adidas yeezy 350 v2 granite hq2059 men‚Äôs size 10 brand new! next day shipping!,$230.00,https://www.ebay.com/itm/127243102937?_skw=adidas+yeezy+350&epid=17057885420&itmmeta=01k2f8djy62bjrq54h4vscsstj&hash=item1da047aad9:g:hwqaaoswgxnk5rxg&itmprp=enc%3aaqakaaaa0fkggfvd1ggdu0w3yxcmi1f0mb%2bngqw5k1s%2bjdurc%2fgcjxedzqp08lmypb73leplhi1nyf34v%2fi3cuygdcc4lnafq%2fixroxkjkirvguuqdm3dw5k1j%2bxhzhjelabgm7tz%2bpjcjf%2fu1feiaz3h5o0skdreg6%2fve75qji8hischvbz2hpnnueix3%2bb%2brgal1acufizuewozj9p7%2frma8o%2fvthacjk7zgfny7%2b%2b9luhlwd3%2btphaawl98qo3ptkzfwslcn%2f2ubfdyz7ntd9nkeslj0%3d%7ctkp%3abk9sr7avtuitzg,"Aug 10, 2025",10.0,Brand New
adidas yeezy 350 v2 zebra size 10,$60.01,https://www.ebay.com/itm/127285997621?_skw=adidas+yeezy+350&epid=16039798411&itmmeta=01k2f8djy618x53ng5dp60rbga&hash=item1da2d63035:g:jxeaaeswzjroj68h&itmprp=enc%3aaqakaaaa8fkggfvd1ggdu0w3yxcmi1cx4xzngor8dfquciffhgjqij%2bqh%2beompfzha7rxmg9sliq10rqslmidqcmcwpppbjk%2fl5xcwozzvkc2ltvihsf9%2fscvn%2fqzulip48jowssaoea5yqzuxdjko%2bmhndjzefwwipz1canx7d4wogpvmjnpdsxwtjjjz4ewoydydwtuvkhnvcwgsh2ooryo%2f2xfo1l%2fswrgdtyhmmjlxgffrf3eqmvpxnp0cexbm17wfb3z7mgc7wp7hsgul4htpex98wro6liagagg%2ffap5cfqm0%2fymui6luwqkmavhtlnn5e6q%3d%3d%7ctkp%3abk9sr7avtuitzg,"Aug 10, 2025",10.0,Pre-Owned ¬∑
size 10 us - adidas yeezy boost 350 v2 onyx black hq4540,$236.55,https://www.ebay.com/itm/167602102119?_skw=adidas+yeezy+350&epid=22052578778&itmmeta=01k2f8djy728ta8m7cjaf1ttam&hash=item2705dd1f67:g:1s4aaeswtsjovfsr&itmprp=enc%3aaqakaaaa8fkggfvd1ggdu0w3yxcmi1c3kdhtoyjphfaqkcypt2d0atwx53e4uh3qmnctok9t%2fppzo7m77krhye8q2nczohsg5%2b8%2bktk%2fdqjqiogxf1b3chyswvpgyrqqpb4rbd5r0cnbdzy2qjjeoewhamjl%2fjdtkigwz626pguf6gwxnnqoepyfnqw%2brnhvvii172tjymrwwm8szs8acaespmk6rezby60tsfkqiaooxd%2bpjrxwdkeqklbns%2bbhpr5t6dvkqq202vz22f6fy8jgwvqwfsxhxz8rkotusszp0fkbeja1qfckrm3dfwyvr1onigbb5g%3d%3d%7ctkp%3abk9sr7ivtuitzg,"Aug 10, 2025",10.0,Brand New
"adidas yeezy boost 350 v2 ‚Äústatic‚Äù ‚Äì size 10 ‚Äì open box, never worn",$140.00,https://www.ebay.com/itm/146758183393?_skw=adidas+yeezy+350&epid=20039806120&itmmeta=01k2f8djy7jh3e49xc1vhfwgbs&hash=item222b7829e1:g:xfaaaeswfx5olmyz&itmprp=enc%3aaqakaaaa0fkggfvd1ggdu0w3yxcmi1e1hjhw%2bxj3vprn3chtlv%2ffenqhv41o0518vj99fvfhdv2p5mbabefmy%2fikalidbygrkakxrv9v%2ftfhgcxcd6%2bnigzwjce9pu8qgk2ubja7rgzpsacqum3bwjopf1do7cozr3j0yihkkdjovulgq6pzeiqmsekl0bxn6bsuxkauzlrujsmk8c%2bceoj7%2bzqb6tpcpoq3iqe4qlqd8expu1m1i15olgjjmsgenap%2fiivbq45dyhryql69fisowgadjwy%3d%7ctkp%3abk9sr7qvtuitzg,"Aug 10, 2025",10.0,Brand New
yeezy 350 v2 slate us size 10,$100.00,https://www.ebay.com/itm/127296670702?_skw=adidas+yeezy+350&epid=22054309412&itmmeta=01k2f8djy7s78bgt85kh4g8w48&hash=item1da3790bee:g:kwwaaeswfk9olkeh&itmprp=enc%3aaqakaaaa8fkggfvd1ggdu0w3yxcmi1cbuzx%2btsxqoc4%2f%2beu9ucimot3bnep0zbg5mgnq%2bmwnanqyztqod%2fzfrglhglcq4uqonnelaal0hxdd6i9%2bqfjvpv6uzekb3mem6rhulc65d4is952%2fci2yndjrpeml86ryuru0ibbad%2bth4sztfkious1ubgn7y0zmmrlnvephwlzpijtk4rh%2bc61gru1bjhca5cqmk4qvs6z3ag9qkj04fgbdksykekz3m7z8ybxfwiliwrey%2bnti7ktpyaexhse7wm1fainrqmfx%2fufyxrcyukhr2cophrdv9rkdxxwoww%3d%3d%7ctkp%3abk9sr7qvtuitzg,"Aug 10, 2025",10.0,Pre-Owned ¬∑
adidas yeezy boost 350 v2 granite size 10,$180.00,https://www.ebay.com/itm/286729281286?_skw=adidas+yeezy+350&epid=17057885420&itmmeta=01k2f8dszfwf7srxd7y4sam3zg&hash=item42c2659f06:g:wjeaaeswgk5ogw61&itmprp=enc%3aaqakaaaa0fkggfvd1ggdu0w3yxcmi1eah%2bwhtzyealtb9xppfl4%2bqfk%2bgjvshsh16hjz9p1y%2favgzvcl4bknrkt%2bfnigfjsizskg%2bnae7qe60pfdyypxb0pbg3kyt8x9wfwn%2b6%2bhijvj26o6v3ru0%2f1qdaflltmfv2m2lrmskwxux6ikom6iv9bx8lck8h6amupcto1y1j5i0py9ueikhimppkunpjf%2fmcw3jkdtvqo0ypzc0xcrqooybeaqfwbpnf22atzzrjhrz1dnzygsabcfbpjnwfs%3d%7ctkp%3abk9sr4cgt-itzg,"Aug 10, 2025",10.0,Pre-Owned ¬∑
adidas yeezy boost 350 v2 'cream white' men's size 10 pre-owned sneakers cp9366,$40.00,https://www.ebay.com/itm/127141877809?_skw=adidas+yeezy+350&epid=7039804584&itmmeta=01k2f8dszfwg4w6j1psfbqk9pg&hash=item1d9a3f1831:g:bhyaaosw8xxon-tj&itmprp=enc%3aaqakaaaa0fkggfvd1ggdu0w3yxcmi1dbjctozufffl5uhs5rxorqbk0agpsbh7xrapl%2b2prw3bu3brjqc76pw%2fk0var0bo%2byayys2icjlyo65cyprttel1kihghak0vmbhtoultrz22xft0ftgvl6ncrbhjhsqjjpg36%2fhlubr9ybr0cv%2b1q6bard1kkx4vijddeicsvv6dx38lmurptu55o5zf77ft30fpjpg8niemnue1qsobibtmmcuzrqpe5q%2f2mgvm5nottkfqrf8qhc6liudiys1w%3d%7ctkp%3abk9sr4sgt-itzg,"Aug 9, 2025",10.0,Pre-Owned ¬∑
adidas yeezy boost 350 v2 clay eg7490 mens size 10,$145.00,https://www.ebay.com/itm/256586421397?_skw=adidas+yeezy+350&epid=20039806556&itmmeta=01k2f8dszgwbwnssm3crzdbaty&hash=item3bbdbe1495:g:mk8aaoswsipmp5og&itmprp=enc%3aaqakaaaa8fkggfvd1ggdu0w3yxcmi1cbbvqrlnsg4ebsmn3cr0qqcfibgsp4nhf59lg8bhh0gfjja52u7wxbt%2b4cgn6mc78say6vjvczj1f9x2hnncusmlfrnqpxqb%2f2i82swd9gajenvzisvxtik0nfymf7bmlhkmcfpzo%2f6y5ldlak%2bsjqtjan0ppuetz1jzhs7wd%2b%2bq%2fiojv9ek9%2be%2fvj%2bcylfjny%2fjmh8v5qharrzjzkfh2tqcwjt1ngmmx1bq2rlk4kjqq4%2bdfikcqwutjsomsknrkazjkucqsllgrdznlscof5976mexlb5reqqjuhfrxpow%3d%3d%7ctkp%3abk9sr4sgt-itzg,"Aug 9, 2025",10.0,Pre-Owned ¬∑
adidas yeezy boost 350 v2 zebra cp9654 us size 11.5,$249.99,https://www.ebay.com/itm/297525032049?_skw=adidas+yeezy+350&epid=10058984373&itmmeta=01k2f8ee10kzv1s35wr3y418am&hash=item4545dfb471:g:yvoaaeswj3xolqca&itmprp=enc%3aaqakaaaa0fkggfvd1ggdu0w3yxcmi1crw649qcxwkeqxf3yvt4h4dsonrztka%2bdss5b1eka%2fv0w2vwcez8ajgq0%2f6rxlcqkpqpkopycsnmfmfd9fy9qqnmbh50x0trx0%2bdq4uyvhpo1oeigjudjohnumt6bi9di5cjnwtzqec11z%2bj2hrtnttbk9zdzh86yu8tvumgcfkstgpmnhtegqj5u6o3otwk3m58ueatvnypekkm6bjnbruiro5xspelw8s%2b%2bwd8a9elhy72i%2fx8w6sisfbncqdkk%3d%7ctkp%3abk9sr-dgueitzg,"Aug 8, 2025",11.5,Brand New
size 11.5 - adidas yeezy boost 350 v2 cmpct slate onyx,$39.99,https://www.ebay.com/itm/177317257131?_skw=adidas+yeezy+350&epid=13062173167&itmmeta=01k2f8ee11k19myk12hmehgakz&hash=item2948ee9fab:g:h~caaeswsbdoj4aq&itmprp=enc%3aaqakaaaa0fkggfvd1ggdu0w3yxcmi1dplc1kz3uymekxw0cxanllmg146r1f6lucyuqbso3nrtweh4b5hi5cqr4ri%2bb%2bcc%2bqe0vsmrxyes1dsi9hzvx1g0w955jaozwxxkv4kpbktk96frgrnozvysshxxrko80irkh9bovggzksntljnd7uemdc6jenxjvpyomwy%2bqy4azifvzuddtnq2%2bny5wg8ugzmp1dvfjrhkgeoi2rhrtisip1g2bhletie4yroshcg0umo5plho%2fsthxgb%2fddnbi%3d%7ctkp%3abk9sr-tgueitzg,"Aug 7, 2025",11.5,Pre-Owned ¬∑
adidas yeezy boost 350 v2 black non- reflective 2019 size 11.5 authentic kanye,$180.00,https://www.ebay.com/itm/187448641750?_skw=adidas+yeezy+350&epid=18051116768&itmmeta=01k2f8ee12b1g5w8et628y8zy7&hash=item2ba4cf48d6:g:5p4aaeswyzfoiumx&itmprp=enc%3aaqakaaaa0fkggfvd1ggdu0w3yxcmi1ckhr%2ffnhyxvwei86b6o08bbqytnx%2fz7ema%2bdph%2fyqoy28c61ytxuablkcilakf4jqa8%2bfsncebhbuthivdp%2f3cva%2bcb7lcio9m6cr5odxlqjh7enzasvzifyrlu--8gnbbqi0jdbqrxznmlqxyyd49czhtnl2dpui3xjhsluj%2baez7raftnvlt%2fkxqtikaemth0uikwnjt1gjlpoafpvbgae4k2k2igrwd80mtl%2fq5cmnqotwgegvewoe%2frptnrci%3d%7ctkp%3abk9sr-tgueitzg,"Aug 7, 2025",11.5,Pre-Owned ¬∑
adidas yeezy boost 350 v2 mx rock 2021 size 11.5 authentic kanye west ye black,$90.00,https://www.ebay.com/itm/187287495433?_skw=adidas+yeezy+350&epid=13060760297&itmmeta=01k2f8djy6t7gx8qjvbvg2qpjg&hash=item2b9b346309:g:m6waaeswu65op3mm&itmprp=enc%3aaqakaaaa0fkggfvd1ggdu0w3yxcmi1cuucbolqnpdhke4bafnjc5axhy4zldwpdjhdpseyjd00oedqsgcwgirlkubzjhabq8gblzbos6fy43oymnd9fnarfrnu1kzjm0wcfqenr1bdehvbr%2fkac8qj0tp3staw11iffo6bpbmidgkt7nwlwwjiyibgtpxsgg3cvnystn%2bk56%2ffbxd9mlurxr%2fpvw5srwnmzjtc9d2uy7jpi0%2bop%2ft460pib%2f9sy9vcug3bbhcwbxtoa%2bxmhzpt6qcrantzm%3d%7ctkp%3abk9sr7avtuitzg,"Aug 10, 2025",11.5,Pre-Owned ¬∑
adidas yeezy boost 350 v2 carbon beluga hq7045 size 11.5 brand new authentic,$199.00,https://www.ebay.com/itm/146730834221?_skw=adidas+yeezy+350&epid=8059064855&itmmeta=01k2f8dszfzt81vew1ea9ytq4z&hash=item2229d6d92d:g:ucwaaeswdr9ohbfv&itmprp=enc%3aaqakaaaa0fkggfvd1ggdu0w3yxcmi1cfkt52knqk8%2bpholbczhhh5t2jm2pnbjwvokdha8w%2buswiw6m9om6jxc%2brm84z1tjho%2fjmdkrr7ssvnpy7wqfrzo%2fxxadpxin9fkm%2bsgt0m%2fzkqynctxatnt6qgilwadj3qzjh2lj9crl7tdljzhogw4o%2f2cb2rlkh%2fs2u14pnhdxbfn9xrg0bu0vovldydvx4bsfvtvdfpdp1dg04fyhv%2f%2b0t3lrwah0os6ourstjflxj1ad5%2ftlil4pdqi6ne44%3d%7ctkp%3abk9sr4sgt-itzg,"Aug 9, 2025",11.5,Brand New
size 11.5 - adidas yeezy boost 350 v2 low cream white / triple white,$75.00,https://www.ebay.com/itm/405971617705?_skw=adidas+yeezy+350&epid=2310847478&itmmeta=01k2f8dszf9q96hjq1csjdqn4f&hash=item5e85cb47a9:g:hzsaaeswuqporsxj&itmprp=enc%3aaqakaaaa8fkggfvd1ggdu0w3yxcmi1eomhphwp3fyc3amcl1cwzidzju1%2bdca4nfwsnms8onf7tif%2bqamw2v4pqydebobu2fuf5yxsx6xnvetsvtpxjtf3dfhxzq200btzwkldagseywlxjbms0x3iiandfmfu24kmvh00mwf62aktu970wc1aopnhfs4yrg5u%2fzenkorom7rjm8kwmc2iy1tljtfxi3maqlklcq2bjb%2fyqp59pkdvxtkz6e4jw5cgm4g8lnpmoqzgqu0uczjje0dn5jsyfzzuovtcvj5nyaoaaxr9yf7fvw1lyg8%2bczmgrojud%2b4a%3d%3d%7ctkp%3abk9sr4sgt-itzg,"Aug 9, 2025",11.5,Pre-Owned ¬∑
adidas yeezy boost 350 mx rock size 11 preowned gw3774 excellent condition,$102.00,https://www.ebay.com/itm/365784698593?_skw=adidas+yeezy+350&epid=26060776511&itmmeta=01k2f8dszgtvg2pczwnmaa55qs&hash=item552a778ee1:g:a4oaaeswyvnolue3&itmprp=enc%3aaqakaaaa0fkggfvd1ggdu0w3yxcmi1dtmuus6io52eyz8fauavqlnbhwlw%2bjue2sxsodyyxvvezoeec6epuhec2uupq1vukvbdkqt2zohkzd1yfibm7ednvgax2z0izblri8uhlx8eiwh3liaa9vaswddvo0ueboihhnlusfr2m1birpp4e7j2zpom40o0fodgivp33hwcuuthiiktg4yr4kav8ng9kc4m7xawwl05xetyu9see%2f0bnt0h1n9ufnzdohpzjwoysmoqfv22muz1utfeupbj4%3d%7ctkp%3abk9sr4agt-itzg,"Aug 9, 2025",11.0,Pre-Owned ¬∑
size 11m - adidas  yeezy boost 350 v2 clay used condition no box,$23.00,https://www.ebay.com/itm/127284427509?_skw=adidas+yeezy+350&epid=23039809587&itmmeta=01k2f8dszgq945nwvzevn1c73t&hash=item1da2be3af5:g:hiyaaeswalbojprj&itmprp=enc%3aaqakaaaa0fkggfvd1ggdu0w3yxcmi1c1ddmlkb%2brld77qrdnrkqgzqq5ounbwg7rsb4kuwjhgkqc%2bmmeels4zhieun%2fq%2bqx8v325xwwvgihkfqtmtqcq9soyumyanupgmhipdtvs0javqtvbhk%2b8nkd1bihmuihm%2bi5bf2a1djbiytkvc4cai1e3lzmgwpmajahewypth%2fztg93r%2b5y%2bigiwt%2fnmj%2br7pdvfuyrdz9b9gb5upnibhgoas7japmki33x9to1lk9blvp%2butiue5feahykbyk8%3d%7ctkp%3abk9sr4igt-itzg,"Aug 9, 2025",11.0,Pre-Owned ¬∑
adidas yeezy boost 350 v2 beluga reflective size 11 brand new gw1229 ship asap!!,$209.00,https://www.ebay.com/itm/197538582963?_skw=adidas+yeezy+350&epid=20052110078&itmmeta=01k2f8ee10xtdnpdx0mnp4pdz9&hash=item2dfe3791b3:g:cgaaaesw1ztoezu-&itmprp=enc%3aaqakaaaa0fkggfvd1ggdu0w3yxcmi1cky%2b%2flxbiqdlvowlog%2ffg3x7qxppzd154mugk2vqlwk6h8yplews%2biadqwk0amvdnby0b2eoi4dlh0vuhiozmeq4hzbp7uqel6smlvxm%2bjsagft019kniyhr6lh1rogs3hjho7ysqlqgak63gktvsefdzxzq0nptdbjypgzwooym2qnwzfjj%2fewkgtyzoju6wcs6uhadkdqulrnfchx57ojpjtmcfm28fixkie3iopdvy7gsrfl4ifwczainik3bq%3d%7ctkp%3abk9sr97gueitzg,"Aug 8, 2025",11.0,Brand New
size 11 - yeezy boost 350 v2 salt (clean!),$199.99,https://www.ebay.com/itm/357159448580?_skw=adidas+yeezy+350&epid=9056176736&itmmeta=01k2f8ee11y55qq9j0g7eyvxmc&hash=item53285cb004:g:rt4aaosw4cxowdy0&itmprp=enc%3aaqakaaaa8fkggfvd1ggdu0w3yxcmi1futerlbhmtu2fzgo7l%2fpgjtgpcrzlbgyaeqd%2bwer%2bs043e73zy4v9jybocmepze%2br4amkgzpynkoei4spxu91fd2np8tsc8qn8jljwyiqsijirxijbl%2b3xj03rei1awukysujlpaxlcmkg5q13ixzxpvsraps5xrtmb5vcaxsqo4gjh1hwycufe%2flfrio7nj3t59e9p3ul5auyq%2fsr7yz%2f4m7hfesix4mu5tprssb%2bwfv9i68qucmklk71p27mfvt6ywuzcts%2bqsbio5gtnvhicwafa7crqkzqw6xvcfy7da%3d%3d%7ctkp%3abk9sr-lgueitzg,"Aug 8, 2025",11.0,Pre-Owned ¬∑
size 11 - adidas yeezy boost 350 v2 clay,$80.00,https://www.ebay.com/itm/286737326626?_skw=adidas+yeezy+350&epid=23039809587&itmmeta=01k2f8ee117j1td5wx02fpj0bq&hash=item42c2e06222:g:uymaaeswhqboirmv&itmprp=enc%3aaqakaaaa8fkggfvd1ggdu0w3yxcmi1cea%2bphif%2fjf93presrbk8r8pdhneicrvi5pdomrhr7en4pyrlhqu6viwhthsolm0uxzxwae1wgjnffm7fikfyawjuyxbgqdj9gzotd9avcie8iwuqeyzq3zdxss4fb0lyxg0pss1a2efu3rq%2beyj6dikveperfo8eykx1plkgc9as1rsj4%2bauuzz4mgxcxvgph7i379sdinvjo3wcoeer8he3zmv%2fodngatus6bssk382vcdcags7noc3pca9oxytj%2fzusyza5rku9zg9rov7u9zoetvzomz5vnfbo61taea%3d%3d%7ctkp%3abk9sr-lgueitzg,"Aug 8, 2025",11.0,Pre-Owned ¬∑
adidas yeezy boost 350 v2 zebra men‚Äôs size 11 barely worn!,$105.50,https://www.ebay.com/itm/406101974772?_skw=adidas+yeezy+350&itmmeta=01k2f8djy6z89cjf5q387kj51r&hash=item5e8d905ef4:g:ns0aaeswbstoj79k&itmprp=enc%3aaqakaaaa0fkggfvd1ggdu0w3yxcmi1cywabd4kaq%2fu4on7voni8whz%2fdzmftg6pszgmi2gdajn5c8nqaz2adf6qahyax6y6cgosc0vsgy9ep8baqhqs34xzmm6loydnrvd5ihynn1jfsdjoj0rjxp4w1fvhtwqlgtu926nwfipla6nu97ybeqmiypbf2crql8o3ju1vtucj592bqqf%2bs7fblwtmlargfqkxrlqt34pe85tmjosf9dragqutkugi1pugc8kd536bxgbzlquu58y%2bkkhnjpfs%3d%7ctkp%3abk9sr7avtuitzg,"Aug 10, 2025",11.0,Pre-Owned ¬∑
adidas yeezy boost 350 v2 light size 11 us,$170.00,https://www.ebay.com/itm/376444465120?_skw=adidas+yeezy+350&epid=15048638268&itmmeta=01k2f8djy6b8wsbpwvgpnndj3k&hash=item57a5d6afe0:g:uf4aaesw6c9oiovu&itmprp=enc%3aaqakaaaa0fkggfvd1ggdu0w3yxcmi1f7eb61twyezkcuswjm36cz53lkkgo7jxrvyw2fzzxmulmihx%2fmz5xthgge3ojdjmqgzvi5rfbsdbyoklbutzckn3bxjmx94qs%2fpcqkc7jy%2b8fbnk0torkl6jyao69l8d6zuymrsgvnb1g9n3v4ynufxu%2bvs0cuutyza%2b4oofoceho2x2onhm0bq9ev6qcbax%2bo96fojs4mvjtf%2bcc4lijflsmvn2ovbetf1augmdm5fkftdvd9enrvssyslk24%2beo%3d%7ctkp%3abk9sr7avtuitzg,"Aug 10, 2025",11.0,Brand New
adidas yeezy boost 350 v2 size 11 semi frozen yellow barely worn!,$100.00,https://www.ebay.com/itm/406101888383?_skw=adidas+yeezy+350&epid=19039798948&itmmeta=01k2f8djy6htghqpkhyqv0qgn1&hash=item5e8d8f0d7f:g:j-8aaesweatoj7k9&itmprp=enc%3aaqakaaaa0fkggfvd1ggdu0w3yxcmi1c%2fb7%2filbdfwv6mtkifen3r%2f06pktio%2fy2k%2bulrpm%2ff0gxrrpyxcakwi02k17jkzidxbafbzsawpmkciqku06vaouz5eiatsqihbw%2b18jb4x7akiuvmdev7bkfohpt4%2b3xxu3zmopz7x70dd4urz13sohhya2bianhxn6fzx%2f1xgcuf%2bkqlkxtxzlt2g6o1nrm7qmkavpygjwoh7bk1mq9qa8%2bsyn2jblw2n%2fg5i5ditfzpkkai%2fo29bhixja0qw3o%3d%7ctkp%3abk9sr7avtuitzg,"Aug 10, 2025",11.0,Pre-Owned ¬∑
size 11 - adidas yeezy boost 350 v2 beluga,$85.00,https://www.ebay.com/itm/306391822893?_skw=adidas+yeezy+350&epid=16051937989&itmmeta=01k2f8djy686fy12damz7aeasf&hash=item475660322d:g:98qaaoswcizopjui&itmprp=enc%3aaqakaaaa8fkggfvd1ggdu0w3yxcmi1fkijre5vholij8s8tubkxok8waacbqzmfcrvy9eouzgoqagtn3vdkgfjbpiusteioqizuvyqj8cva0cgkuykn4kzubald4lzy8qm2eyw7zrrlxg4hrn%2fy4utoet7vjiglcgbpxi6dwye%2foqzngt%2fujoxjbwu88ewwxw9ebppvxd9ru2g7iac7nr0dcxj2lh%2fmfjrfmuqnoqrifjqm1oydpv9xzqd%2fwypxhc8%2fmgpwtuldyyblu0sjjng%2f9vljaumpjiqdkha5ngk%2b0exspflambjdw2kuu1qijsk4bmx9okw%3d%3d%7ctkp%3abk9sr7ivtuitzg,"Aug 10, 2025",11.0,Pre-Owned ¬∑
adidas yeezy boost 350 v2 zebra size 11,$320.00,https://www.ebay.com/itm/126990160614?_skw=adidas+yeezy+350&epid=28058984825&itmmeta=01k2f8djy60q931v74vx9ksphh&hash=item1d913412e6:g:prqaaesw3wtn0fhn&itmprp=enc%3aaqakaaaa8fkggfvd1ggdu0w3yxcmi1fepgcs7tk0hb7dj52lcupivvoyqnwp8tnzgngke0n%2bo%2bl86mw8cin9dy9cnzwssy9cbilromuyegv9qyclvjl7xcbi9sqmae7voauf82t%2fzezv6j%2fmcgwa3gvcfhmvgzy1oqcslmlmfz%2f2tmcdzdp9fy9qpoaibel5eygjxo%2fzfzfvyqiktu%2bgvefbqjowpmnvhitkolh4nla9cwhi6exc%2fe2cpjslu1hdntp3pd26in36vqtxn8sx6edcaomss3niz0%2bvjbhwyivba1%2bt69mppjbqcb9dsndxa1ip33auwg%3d%3d%7ctkp%3abk9sr7ivtuitzg,"Aug 10, 2025",11.0,Brand New
size 11 - adidas yeezy boost 350 v2 semi-frozen yellow,$119.99,https://www.ebay.com/itm/357419929263?_skw=adidas+yeezy+350&epid=19039798948&itmmeta=01k2f8djy7xzjecdcmfwpxzzbv&hash=item5337e34eaf:g:m4kaaeswsi9ok9s5&itmprp=enc%3aaqakaaaa8fkggfvd1ggdu0w3yxcmi1fk2%2fharpdmgliyfttfcyvup01qew9dyuvic1q9ydrbx%2blqcu10latg%2fjliwx7bczkki3gahdh8qou0xzaz04m%2fy6tvjx%2bp94ii7yxm3fpd6hettz2dhh%2b2pohrfxdoogu%2blbppgcd%2bqk4kujw3l5lzww%2bddaduwfkl8l4hrqid31absxs0fsd34dg0p0skh16tctmwwarcinecdzse6qnp0iziwnokpsm0mfkadr0m7dbwwkvffr8kzsqw1jcclo%2fepvwb0nc1cmgkylag2uzhjehsg%2fyufgxoteytqsprgq%3d%3d%7ctkp%3abk9sr7ivtuitzg,"Aug 10, 2025",11.0,Pre-Owned ¬∑
size 11 - adidas yeezy boost 350 v2 mono ice,$220.00,https://www.ebay.com/itm/396890499868?_skw=adidas+yeezy+350&epid=2316685705&itmmeta=01k2f8djy5dh1ezgprtkq52xjw&hash=item5c68846b1c:g:odgaaeswckrof6io&itmprp=enc%3aaqakaaaa0fkggfvd1ggdu0w3yxcmi1fu%2fksuvc31ch09zv56ccgd11ez0khe74i0g4z5csnsmjk6e6ovz8wocydcl6n51tfod5m9hm2en1ecomuwte8t1coqadj0szqtjj3mnxg8sqvacdhzt7airk8t%2bly%2fed0visf1kwo%2f4jzawa0cojmrydcysgzk0i%2b4ywjuhhl02mhsqi4hxcac9%2buxqk5wc33phzu3pyasgfqdyawmdoqdeoyqcs7jeouxscbmb3hc%2bi3nx7z2qbzonvdv3xxmcvs%3d%7ctkp%3abk9sr7svtuitzg,"Aug 10, 2025",11.0,Brand New
yeezy boost 350 v2 triple white - us size 11m brand new in box,$225.00,https://www.ebay.com/itm/167705430177?_skw=adidas+yeezy+350&epid=8039804340&itmmeta=01k2f8djy7f5eegnpe07f1p2p6&hash=item270c05c8a1:g:og0aaeswfjjn6hje&itmprp=enc%3aaqakaaaa8fkggfvd1ggdu0w3yxcmi1do25q2k4xaf6el9im9vnc7epxaggou0fa%2fcvx6uhx2hwubh383lop4eizcrqr20got7nn4qdpdexysbheq2qr0r1qtucuvxhlk6i3o1upiklrlpgczllmjaerj4dswmpck1%2bgd%2fkvoznmyyq%2fvcut6qvtdyi2qcip%2bkr0fcrpsrzrmbu7rwq7kpz2txfxcpa1kjwxkc%2burdttwxwh%2f47ruvkqlgcecvgw49cjiby%2f9%2fhbjlxw6bmmmzv57hlj5t7twivx0ziyj9qjw3yoxr7ehpccq8%2b62ydhkb1gm6xuw3g%3d%3d%7ctkp%3abk9sr7yvtuitzg,"Aug 10, 2025",11.0,Brand New
adidas yeezy boost 350 v2 black non-reflective - size 11 - missing insoles,$79.99,https://www.ebay.com/itm/406107603340?_skw=adidas+yeezy+350&epid=21051118706&itmmeta=01k2f8dszfy32s15xzyvytzwv7&hash=item5e8de6418c:g:kr4aaeswfalokm7c&itmprp=enc%3aaqakaaaa8fkggfvd1ggdu0w3yxcmi1fowh5r%2fyldgyuezwrr0p0sivq4b69n44%2fc6b8em7oxpnsvgd00rdfcnnu49eolsijlkn%2bnpzloacyzpfmdlsaohjnlhd7bws3ssvuariroihs53blz8toeyujcj0e8cugkmuf1fie77ivq1o54nrbpimv1j0hqnjyu6vs%2blpu0siko2la%2bpzh86q0bq5y%2fyboa1wb0k9%2bhtagdcojfxqih42zrw3ifxi%2fvjwny7bbh3rvpqawn%2ff5mm2hhsxd6ebip%2bdijijycqoz%2fl6os8d%2bkqpllsfoih4zt6e21d4gguq%3d%3d%7ctkp%3abk9sr4kgt-itzg,"Aug 10, 2025",11.0,Pre-Owned ¬∑
adidas yeezy boost 350 v2 sesame men's size 11  f99710,$180.00,https://www.ebay.com/itm/167666133352?_skw=adidas+yeezy+350&epid=24039799041&itmmeta=01k2f8djy56bwtwm75rhy77mtv&hash=item2709ae2968:g:kv0aaeswfivogdrl&itmprp=enc%3aaqakaaaa0fkggfvd1ggdu0w3yxcmi1fsxvp3l7z%2fdrnpj6ylktkxmuuugrrhhnku7mxuqefyq%2f%2bucmdndee249y5kbo5og4xs746ni3dldlhp8%2fcklyez0yzhadink0pdxngez8%2fmxmdhcnoboj9fesdcks7v1vwn5p3pl4bfha9558b7qt5gxeqxlzb3r9jest7rod5goco8cprcelus0jyewtvcwx%2bggxba6a5osfasqwlavvkhx3c4qtomxwz7nbzhg2hf4u9ryytvjnyqutjdcik96i%3d%7ctkp%3abk9sr7svtuitzg,"Aug 10, 2025",11.0,Pre-Owned ¬∑
adidas yeezy boost 350 v2 low zyon sneaker shoes fz1267 - size 11,$160.00,https://www.ebay.com/itm/146753008697?_skw=adidas+yeezy+350&epid=5039810672&itmmeta=01k2f8dszfwy9t64mpewvz9zej&hash=item222b293439:g:ttqaaesw971okazb&itmprp=enc%3aaqakaaaa8fkggfvd1ggdu0w3yxcmi1ewgbja2x5ibfqh8kseruw2bzmpkmgxdc4vnrxlxer67lrwijvgw%2fpwfdp%2bhskysft%2bq%2bu68bhmsb%2bkqza6fhfl%2b6fex3muvj1ufp6qtw2s4olk%2bpyvauaurukr4yatqxhvx3fqbwfvnxl%2bpxtb%2b8kxe6dqvg%2fgwwm1y5ssfkpv01mdx1e6ptufvaihauemkypy%2fflopgvi6zdquxrhvih9uijpgfcmhmgcyaqppkoomllhchnkzkfzwqjdqnjiufrxl9eevbhb%2f82%2f4tz9igazukdp2gajdbb%2fehqrbjktua%3d%3d%7ctkp%3abk9sr4sgt-itzg,"Aug 9, 2025",11.0,Brand New
size 11 - adidas yeezy boost 350 v2 black reflective static black no box,$90.00,https://www.ebay.com/itm/236244936819?_skw=adidas+yeezy+350&epid=4039796761&itmmeta=01k2f8dszgd2j8pdwagt6y36t8&hash=item37014ba873:g:wloaaeswn6boj9jq&itmprp=enc%3aaqakaaaa0fkggfvd1ggdu0w3yxcmi1fbyv5%2fxxk9fqlzyieweqrnsuog6bu1kfuqhnts8mst4cjktaiinrgsbb8tvvuhvc7psdcuscyda%2ffbz%2bzmqquenpl3uc4btc9ohgybtcysgyicbtprgte6wpq2o7voyad%2f1g9tpsh3cqe0rsrjkeag08idizrwhqsye40s2jbtuogbjgulrjgnnlfjdlo7121uhhah2tznsxawurvtqhpdtzilwhc1cvtapgb9y9qltovborvwehxaarhreljzpk0%3d%7ctkp%3abk9sr4sgt-itzg,"Aug 9, 2025",11.0,Pre-Owned ¬∑
adidas men's yeezy boost 350 v2 granite/grey size 11 hq2059,$195.39,https://www.ebay.com/itm/286569875473?_skw=adidas+yeezy+350&epid=3058005895&itmmeta=01k2f8dszgqfcyr0skk486e649&hash=item42b8e54811:g:eegaaoswqjjojxxb&itmprp=enc%3aaqakaaaa0fkggfvd1ggdu0w3yxcmi1d4vfumccuv5trxrqi9tc3v1%2ft%2f%2bbrkyhlnt43ty%2bczxnouiwnvjahvrmkvxy0ilphdgjnz7dzmfwxl%2bn7masj97u%2fqfknbs2%2fn5ybpdr1mikdgizbx5qyzifol5h22ktn4wuunubblh1utepiil85vvyqny96yzlpda7ocua9pcr6buwtk8olah%2f4zpiuxsqtfv8fjp64xvimrljf50ejva5mpoyopsxgbmq%2f%2bku17ljn5gkb2p3ogz%2f4f3ptzjj4%3d%7ctkp%3abk9sr4sgt-itzg,"Aug 9, 2025",11.0,Pre-Owned ¬∑
adidas yeezy boost 350 v2 low beluga reflective men's size 12.5,$99.99,https://www.ebay.com/itm/167659269049?_skw=adidas+yeezy+350&epid=2323155931&itmmeta=01k2f8ee105084f4warf9fsaw7&hash=item2709456bb9:g:dcaaaeswmvxofelb&itmprp=enc%3aaqakaaaa0fkggfvd1ggdu0w3yxcmi1ebrgyx%2f44xikmeneqvurvj8pfiu6ljnoihtho0cxptnwx7tnt3oaeql%2bvycflbdnzosxjyx%2f3m4izk8nwiopv9aq8b345lpp9dxted91jhiox1ya2k8msbbpf4dtmjfib9%2fsolaxltefjmugqlso8nadg824uihkyzraj%2bvjcaa3etouv9la7lat3qmabkke8ignvgmasey6qhuyw9hwe1ek2ztwzzd6duri0cyoktsdwwnlcy0zsgxyuyef1newm%3d%7ctkp%3abk9sr97gueitzg,"Aug 8, 2025",12.5,Pre-Owned ¬∑
yeezy 350 v2 cmpct panda size 12.5 nwb,$135.00,https://www.ebay.com/itm/267262647447?_skw=adidas+yeezy+350&epid=24061780073&itmmeta=01k2f8ee1088aen79yvytw455k&hash=item3e3a185c97:g:tykaaeswhb5om4le&itmprp=enc%3aaqakaaaa8fkggfvd1ggdu0w3yxcmi1cvn5io7uuxqwpb%2buiyisnox%2bderp%2fa%2bxzljfgcf4rkcazjwgps0dr5guhhe2ol51lvdgn%2fci3hrcibhnki%2f4stepkc%2ba9wd08penkklqpbofeqmuwm8o7mrfpot1xo414ehr5s68vlyt%2fpusvyvb%2booczns5aryabsaojlu1mho3dmmdmcfpiwfozyoz5zwricixh5c8e%2bzgi9nt4nr7vnpkjglrbpasnx3bvzstsvntu1jnl9xuk4moezdggk4ffaimtaxe3z9ov6xyyihzdmt%2bcxhxihtbzdabhxefhhvq%3d%3d%7ctkp%3abk9sr-dgueitzg,"Aug 8, 2025",12.5,Brand New
adidas yeezy boost 350 og beluga used condo size 12.5 replacement 350 box,$50.00,https://www.ebay.com/itm/336079301689?_skw=adidas+yeezy+350&epid=9051940382&itmmeta=01k2f8ee12ypyh2py4fmgv5vpj&hash=item4e3fe32c39:g:yxkaaeswqcfoftfm&itmprp=enc%3aaqakaaaa0fkggfvd1ggdu0w3yxcmi1flc6rnio2u3xqztsrgqrvjytftv8vs9doy%2fak65ecljyjm5kzb1%2bw72ehtmacnzb5picvhczfii6ztqjtjqrpavgbmnupvj3hhpl6plbyff8ocakjxuzkfr3okad7lse8lssnx61u41hfgn0kdv%2fa5liwqtztrmqoteoakaabf5flt%2b8mpkhtu1ftupqrph9do60qsxwvbkcze4z50nd8tipnek7am0xqpnrwtqo5oyiqebslrmjpwj%2fuklrk4yiq%3d%7ctkp%3abk9sr-bgueitzg,"Aug 7, 2025",12.5,Pre-Owned ¬∑
size 12.5 - adidas yeezy boost 350 v2 earth no og box,$100.00,https://www.ebay.com/itm/205631761225?_skw=adidas+yeezy+350&epid=10039804424&itmmeta=01k2f8djy70d6nt93440jk3tbs&hash=item2fe09bab49:g:dxwaaesw1jroabsn&itmprp=enc%3aaqakaaaa0fkggfvd1ggdu0w3yxcmi1fdz6fek%2ft8mdbo7ktishaid%2fkzdu%2b8dxke8vxsbgifhlbnc6fyl7pvkmo%2fu8qsxl4dg%2fssjnrgv7bztvyia4ea56kucf3p%2b%2fvy4rrfn1jyj8nlq%2fua1vc9mszznwiuvymagnsuaabmvz0xtai2t0yjxlmprcwhckmc6gbcuxms0s0it2%2barmyozat6ly%2bwhkeuk6ymbjukjmwy69w0iwmdboevjo6s6trrjcoistzo%2blqpxs8ykchj5uamswu3cue%3d%7ctkp%3abk9sr7ivtuitzg,"Aug 10, 2025",12.5,Pre-Owned ¬∑
adidas yeezy boost 350 v2 beluga reflective kids gw1230 size 12.5k authentic new,$169.99,https://www.ebay.com/itm/326228113588?_skw=adidas+yeezy+350&itmmeta=01k2f8dszf8w9bty2pt0wk53x3&hash=item4bf4b5f8b4:g:jeuaaoswvebmtmn6&itmprp=enc%3aaqakaaaa0fkggfvd1ggdu0w3yxcmi1czjtx15x9%2bbc1uwenydghyoopmwbuhxjhjpzxwcx%2fc3uia4sze3mwd%2fykix5ddihsbsxjepcs1r6a6sy%2bdakjvjffvn%2f4nptrww3kbn%2bm9vzasgcflmvph9bhy7qgtw%2brwoacgopis9e2opesad4njqfxab8h3jynke6mnfcdjqzw3hvex8p%2frg8xagazcfd7t8ye%2bxv1pfqorf6l7wv3zxmf%2bd2skmx9eptcrcfgylegv2fdjb59q3uj8b0nc4vi%3d%7ctkp%3abk9sr4sgt-itzg,"Aug 9, 2025",12.5,Brand New
size 12 - adidas yeezy boost 350 v2 low zebra,$129.99,https://www.ebay.com/itm/177324185434?_skw=adidas+yeezy+350&epid=18039803356&itmmeta=01k2f8djy50rzte1ekswgrf644&hash=item294958575a:g:rqiaaesw8w9oli2s&itmprp=enc%3aaqakaaaa8fkggfvd1ggdu0w3yxcmi1dcikiaicg%2btntcc76tuvdyuo%2fiuer3ed6xoc0omxqcahftr25nkkhpnrl%2f4wfkbl6lsuvefwzpx0tltooy9pwid5m2dtdmemlq3kob%2fvud7g3qu5%2bozjgvi%2bcxk6hymwyt8f6pzymelifpysh0%2boipzedqz3zpfqxhzi6wh7kip9o4do8kfej8twv3iy14avnkm8xkqikfwsvcuuvw3dm9lficzu2sbwlf1hw5%2b80saqbniclkmaunwdr1abb%2bepowv4fvpw4ild1z7vlbri5hbhnrlo4or8%2f4t4ciyhritg%3d%3d%7ctkp%3abk9sr7kvtuitzg,"Aug 10, 2025",12.0,Pre-Owned ¬∑
adidas yeezy boost 350 v2 shoes mens size 12 primeknit ash pearl gy7658,$101.00,https://www.ebay.com/itm/197598095016?_skw=adidas+yeezy+350&epid=7044909809&itmmeta=01k2f8dszgevt9abe1jr9v9sgz&hash=item2e01c3a6a8:g:bngaaeswnsvolobs&itmprp=enc%3aaqakaaaa0fkggfvd1ggdu0w3yxcmi1etnc08vv3thamx0p%2fxx6mzkbltd41noot0cxrxapf0hbvbdhlqkty8bkitkl1l%2fpsccztwjbwnk3phs3ckyflmkgqmn5ni0polfj6423gj%2b3eobfthcderardfqxhba1ykvutbjvuaufvcxzkx28ah4c%2f0sqgjssthqmnxoit%2blszn0xkqm4add58qebz0ttlif%2fqwifk0dw%2bautawqgsmihjvavnlyozrziuneexfzii5du%2bwnqcv4kbcllaydlw%3d%7ctkp%3abk9sr4agt-itzg,"Aug 9, 2025",12.0,Pre-Owned ¬∑
size 12 - adidas yeezy boost 350 v2 low red stripe black suede (by9612),$219.99,https://www.ebay.com/itm/286664270187?_skw=adidas+yeezy+350&epid=17039799447&itmmeta=01k2f8ee10cg0syf92qwcdvf4b&hash=item42be85a16b:g:a78aaeswoorovj2t&itmprp=enc%3aaqakaaaa8fkggfvd1ggdu0w3yxcmi1djxybmcp%2bx5lvsln0zthfz6ltloxoscpnji4gkhlwrz5c1zm%2fpnbhpncpmtos4pryfrsaqjfkmrq26o%2bduhuc4hi%2fpbea756ergmkmaaqlyo6fl2u7msfa9q4n416nwvtpllazvhvbkdwdxugnuvvqjp1u8kqthcuhzyv906xf4e8xvm0wnc7ce8qs39zxu44bl9icw0nhmbvjihru8i9pprqlujipairpasvzvpx6bxgxvyast5l5w5qsh9v9ej8squtx%2f4ieg6nsoqxq5yxaw1ootfdm1az4ia8rnulggq%3d%3d%7ctkp%3abk9sr9zgueitzg,"Aug 8, 2025",12.0,Pre-Owned ¬∑
size 12 - adidas yeezy boost 350 v2 low beluga reflective,$160.00,https://www.ebay.com/itm/236104584589?_skw=adidas+yeezy+350&epid=12052098687&itmmeta=01k2f8ee10atjyhf9y91ghwj1p&hash=item36f8ee0d8d:g:hemaaeswcajojpo9&itmprp=enc%3aaqakaaaa0fkggfvd1ggdu0w3yxcmi1d4srrb0d3n%2fi7znyqu681yrycw5amvhrfa2dlq31xhirbspkz1vebhsml42lll4fp%2bqu5jsczlm8q0vgrkoghvqmvng5z5pequamhq4tpqjrfmao1q0%2ftidtjh7ja5dgtewttruro%2blfwt%2bjqt97aueymjcvoubvlsgb0h9oiirkpxoz%2bk2m03gnmkxmv7gwqqmkbnff2wnjnsgnoin2xo4nn0vsw4hwhzzfduxyolwp%2bflhd6ha2yrx09qj84a24%3d%7ctkp%3abk9sr9zgueitzg,"Aug 8, 2025",12.0,Pre-Owned ¬∑
size 12 - adidas yeezy boost 350 v2 low carbon beluga,$215.00,https://www.ebay.com/itm/277315222281?_skw=adidas+yeezy+350&epid=14059053547&itmmeta=01k2f8ee10p6d6j77sp2p671ye&hash=item4091467b09:g:ytaaaosw689mwi0e&itmprp=enc%3aaqakaaaa8fkggfvd1ggdu0w3yxcmi1cmupcoe51hy4xi3zdbnqjsoyiezkntfqfkr2oqgmcwmni96rlq%2fsts7mun1xsyykxzmnnj07xf5b5lupbvryvuq6bslbhhveurs7xv9ngytzuhdzlalcajx74t4dmyuoj4qgjzcjwvww5oksqnrpzsmx4mg2cn60sb4apxtjdeya%2f8voo8euc3u1hgsx9hmh%2fim%2fbpwnbu55s7rbbbhpxi2ihatc%2fmypyij0ut2l02pp0ks3eyqrk0x%2bwat9x0%2fer1yexd%2b84qh%2fllxfvywpahnv2ls86mchj0ss5kryd%2b3q%3d%3d%7ctkp%3abk9sr97gueitzg,"Aug 8, 2025",12.0,Brand New
adidas yeezy boost 350 v2 cream size 12 brand new in box! guaranteed authentic!,$199.99,https://www.ebay.com/itm/156896148479?_skw=adidas+yeezy+350&epid=3039804502&itmmeta=01k2f8ee113zjatb5pxhe8ra37&hash=item2487bd3bff:g:wj0aaoswtn1n~vf9&itmprp=enc%3aaqakaaaa8fkggfvd1ggdu0w3yxcmi1d294hshirq3ff%2fwkkfbjrbg6h1wrfpvojs5s1icyk8kkison0tbbygbdhycc6ot0y1tu4xx9tovtrcwjixdnqkjzfmj4y1bs33cm6bwhphobrsrzs3cdydtpzars3ijegzhxaqxqhwwjsnrfn4i2%2bpbeyshxuplste6efx%2frlg2rzs0apsnx9oyuioypla55jedqtmuykbze%2flaecbnbqli%2fwpwfpo9obf3tdgirtbgctxvy8np83apd3exvj8irfas%2f6v1jut2yo0lz7o94%2bodh%2b9ikdnvk1jrwbysbvmya%3d%3d%7ctkp%3abk9sr-tgueitzg,"Aug 8, 2025",12.0,Brand New
adidas yeezy boost 350 v2 carbon beluga men's size 12,$220.00,https://www.ebay.com/itm/396947082603?_skw=adidas+yeezy+350&epid=14059053547&itmmeta=01k2f8djy7gjtfzyvtrj52jy61&hash=item5c6be3cd6b:g:gysaaesws-bomatz&itmprp=enc%3aaqakaaaa8fkggfvd1ggdu0w3yxcmi1dicfx69wazioxynuqnd1olxyygu9m0lmn4hn93hxcdex%2ftozf16%2bifm2i1%2bjiyo6svg%2fb%2fvdkbva%2fvmxiajsljs7u8afkeowdypy6zbt9sqtd8p45vukf9jpllq%2bybdh0to8kj6xygslyqxnb9s1pg1yley7fftyjhirstu8a%2fjw2mhrwwjfwy8fdl9lyrxvhgzpoieh7s5hh36ibuurmhhlvewkgiprjjpz9nbfyl3cnlx6%2bm515ata%2fro%2be%2fh7yut6kljg6b5tlwvjbl5%2fgcn%2b9%2fk5olei78zxfctp56la%3d%3d%7ctkp%3abk9sr7yvtuitzg,"Aug 10, 2025",12.0,Brand New
adidas yeezy boost 350 pirate black 2023 size 12,$284.99,https://www.ebay.com/itm/297493667602?_skw=adidas+yeezy+350&epid=23039809190&itmmeta=01k2f8dszf2xc4ss35nv3ak227&hash=item4544011f12:g:dtsaaeswaf1ogr-u&itmprp=enc%3aaqakaaaa8fkggfvd1ggdu0w3yxcmi1dgpwn4txqszzwzdjmra8pow6u3cphimo5p50xprkfyxxhfysnexva3yhx5llsqhv77nfby0acmhubemiauzybko5xbn16mrehsgvpfpv42rrzc23ttclqoiuiog098larzyoe4nju8jhypx1jsglnodynt2ksk98yj5rwjz%2bsdkgoh3hjvohb90dht5ioe60zgkaayewr8txkz51dro4vaq4nqh3nwwv9drzheb0cls3rh%2bghjvw9h0bxcpwg4zuchzyzv26kja4iifidn2k7yyzazk2kkwgw8abt7tgb7ag%3d%3d%7ctkp%3abk9sr4kgt-itzg,"Aug 9, 2025",12.0,Brand New
adidas yeezy boost 350 v2 sesame f99710 og rare preowned authentic men‚Äôs size 12,$74.99,https://www.ebay.com/itm/297514181136?_skw=adidas+yeezy+350&epid=6039811591&itmmeta=01k2f8dszfmvjt3wq1447wnzkv&hash=item45453a2210:g:uskaaeswc-hojq-h&itmprp=enc%3aaqakaaaa8fkggfvd1ggdu0w3yxcmi1fm93cmyzpczc5w5xogaovmgbkxjdh%2bdevu2rphdr6x26lepiqi65jl4pju5v21m9kdipyxf5qpragvzmjpkpfr4qrde%2byahyza76a78wb1zx1tmf34h5vqwn1w9sruc%2f9cyshy1rkiwmzvqda62ioiw6nfzl2grqjrmiasuv%2fiujwudfnotejvhq7u6ex%2fjc%2bgm9dgsxtqt6lvmjqhdodxkvuqewtzlpn4k7i5s2msw3x4yfkjddpbbskj7hosuytkdlncx1bdayyrl169pv9r7a9i8igmqznznrg8y8rtga%3d%3d%7ctkp%3abk9sr4sgt-itzg,"Aug 9, 2025",12.0,Pre-Owned ¬∑
size 13.5 - adidas yeezy boost 350 v2 clay,$60.00,https://www.ebay.com/itm/297515867453?_skw=adidas+yeezy+350&epid=11039792720&itmmeta=01k2f8djy6fxfv9rdvep7jnj11&hash=item454553dd3d:g:e1qaaeswi2poj6no&itmprp=enc%3aaqakaaaa0fkggfvd1ggdu0w3yxcmi1eyj1o4uqkt7d8mo04qas0ktwhwu%2fg8vsawayxtvwic33wxlg2j1rdcxeyz0vlbtsj2t5fuu3r3qils505hz7a19pmsh4da9ofvo58p0hvnmvbpxrch%2bda3wsvtyvmkauooxmsmqzrjpedhjxxcjype0s7xsf7wtd5cahbi8yqucr2hv1ct2wl8b%2f8x2u%2femmzcexobpbzqwwvwdizippnbceecsxktaussyc31piecruhid09zadpkmxku86jz6sk%3d%7ctkp%3abk9sr7ivtuitzg,"Aug 10, 2025",13.5,Pre-Owned ¬∑
"adidas yeezy boost 350 v2 ""yeezreel"" size 13 non-reflective with box & receipt",$108.86,https://www.ebay.com/itm/396924609951?_skw=adidas+yeezy+350&epid=4039795432&itmmeta=01k2f8ee10fhdw2fmn3c5jx0ee&hash=item5c6a8ce59f:g:fhoaaeswhq9ojpjo&itmprp=enc%3aaqakaaaa0fkggfvd1ggdu0w3yxcmi1ea4rdzjwbthptvbny1zhbnphzsqbunqchxngddkveuacgshho7lh%2bdolpvrwuo22vfuers0wodjgj2ej8iuwhiv0fbjl%2b1hqesbgidxab98ft%2bbbkyxhtvmsjehycszv4eebfiokqlrhknxu37vbtxbic9dsdc1m3t6vgufnph9se0upj7zhfsh80uhkhxbyjxp%2b4rvixafgq5xfy3onnn3kb3rnzyrufm9viylkbrsgevfgmskber2nccklwbwsg%3d%7ctkp%3abk9sr-dgueitzg,"Aug 8, 2025",13.0,Pre-Owned
yeezy 350 steel grey size 13 used,$116.12,https://www.ebay.com/itm/396941033916?_skw=adidas+yeezy+350&epid=14061777421&itmmeta=01k2f8ee10dqmej2yx86cpsbrr&hash=item5c6b8781bc:g:qwoaaesw3wfolw5m&itmprp=enc%3aaqakaaaa0fkggfvd1ggdu0w3yxcmi1fj8apivyadawdwzn8rqccq7uz5pfdt6vhghlg%2bvr97j6fysj9ynsdcelg47iauihixqgh78vtvv6mqvyivndqsofpditsgr5efxdt311w8yzrlrody1cnh87znnou8smelx7xyj7cnqcfe2v7qr%2bgkbgwxeiqx1p0cqduvwhiejjhzmp7c8qwt%2bl9%2fwdpdwyvl6jc%2f31xphxqyb%2bw6%2b%2bxpdll8sqa5pwpfpddw04%2fn1nsu7xkvntbut%2fmwu5gldlk%3d%7ctkp%3abk9sr-dgueitzg,"Aug 8, 2025",13.0,Pre-Owned
size 13 - adidas yeezy boost 350 v2 low zebra,$150.00,https://www.ebay.com/itm/317162490501?_skw=adidas+yeezy+350&epid=28039803984&itmmeta=01k2f8djy74pjdzmb73mkxyre9&hash=item49d85b8a85:g:zm8aaeswx8fol6he&itmprp=enc%3aaqakaaaa8fkggfvd1ggdu0w3yxcmi1fbfiofpr5ov%2fc%2b3aqqbupgjktmoq%2f7qumdl%2bilyaklwvyljjc5mtijlzva5agur3wtfcajkhpoue5zohx4bmjwrgomhhfctfnyrdk6zhj8gczdybp5pr8xkhybpcciwgyr5%2fuf2okweya1duzfgm1ptqjkjklfv96xkpeqyoyx45d8ijzvu5d8bwjvmpz%2bixtvzkrooia%2fqbchk%2bww6onr51eldc%2baqjbsvgfhzze5fuep0iwkkbih9p5hu0wpry0l0hawt0z%2fqv2uqfjdtyyjjnur43lqfzp0w9lzcvopog%3d%3d%7ctkp%3abk9sr7yvtuitzg,"Aug 10, 2025",13.0,Brand New
yeezy boost 350 v2 carbon beluga size 13,$200.00,https://www.ebay.com/itm/317151355996?_skw=adidas+yeezy+350&epid=8059065093&itmmeta=01k2f8dszfq3yasjxp7pbdh9fj&hash=item49d7b1a45c:g:tqgaaesw27novjs6&itmprp=enc%3aaqakaaaa8fkggfvd1ggdu0w3yxcmi1fuoreptljfspvjpkqs7td8ugcwbzygilwjvtebh%2fxjdcmm3hsh%2bvg%2f39tcdbguujgp38%2bvnkwf0kcflpmkgvzn%2blrxxvvfmpxzp8fxedqtw%2b0hmkmnkeikcby5nx6xt3cukby7ut55qsxksbpx0bwhboa9bayprbxg5wodfcnoyb%2bjer4ixyyazu6grstwmn3xa6nxs%2b8npfeqaypdndqqoog2jmbg2dmeugvy40njbwsxlmwwesqor5i4yulss25toga%2ftsn76b1gdt1n1j4%2buxulx4xluxvmld%2fds%2b8wzg%3d%3d%7ctkp%3abk9sr4kgt-itzg,"Aug 9, 2025",13.0,Brand New
adidas yeezy boost 350 v2 mx rock men‚Äôs size 13,$180.00,https://www.ebay.com/itm/376469598810?_skw=adidas+yeezy+350&epid=27060767776&itmmeta=01k2f8dszgj4f95ydkvbmbngvt&hash=item57a756325a:g:pkeaaeswgixol8cr&itmprp=enc%3aaqakaaaa0fkggfvd1ggdu0w3yxcmi1eevqfva1rai9qsvoawqqfi%2b5r5wajdd4xwrpinrugxe9pwjhkvaah%2brqt0%2f5x8qhhmysmzgkeqkeay5j0%2b1cdldfgur26s5uojfctr9fogzw84xpiamsccvvo8bl4epnhk%2b74zafbljgfgqld%2f3ypsst0gzdwsqwjgubaexagvlcgi46rgi5vqtap1kfjzzoggqup4jopmgj%2bwwpeaffjtqpesjjcxeqjcbavdnrtfpdygv%2fzfuzyf5mlsbtj55pm%3d%7ctkp%3abk9sr4agt-itzg,"Aug 9, 2025",13.0,Brand New
deadstock size 14.5 men adidas yeezy boost 350 v2 low zebra icy rare 2022,$301.78,https://www.ebay.com/itm/357421739268?_skw=adidas+yeezy+350&epid=16039797636&itmmeta=01k2f8dszgyr7v1nyqj2a8shnv&hash=item5337feed04:g:38caaoswqjdnm0fa&itmprp=enc%3aaqakaaaa8fkggfvd1ggdu0w3yxcmi1eqqwjvtjxvd5nszvfgyuvcryhjf7wl0hvgwnlqmh--nrk1%2fs4hzdbvbdbbyjwbq9pcio%2b9imzhy8jzmxgbcwfbjijb8ynqe5iohstvd5mr1ln%2bpetxd3sm4x4oepq2ddnh8eljgwctm0xlzyb4nyq8cr791sk5dw6mpk%2fjwcxz8a3a9tm8efmczr7qzic8pwskzx%2bhkeclzkxoalrs8a%2bbdhcj02tyar4gkn6xozmutefgxxh5vzjymffneprx0v6kdiuhjtfey4o%2bx7fzbyorjhvgnqbenbnmgj7gwmo7oa%3d%3d%7ctkp%3abk9sr4agt-itzg,"Aug 9, 2025",14.5,Brand New
yeezy boost 350 v2 ‚Äúdesert sage‚Äù size 14,$111.00,https://www.ebay.com/itm/226905544180?_skw=adidas+yeezy+350&epid=6039813251&itmmeta=01k2f8ee11v0gr5751729de3fg&hash=item34d49fd5f4:g:fbgaaeswc0lohv-x&itmprp=enc%3aaqakaaaa0fkggfvd1ggdu0w3yxcmi1ev6lg2frhl3v%2bjdbxqyjled8fwhw6ypjgga3dhufkwrdgg19djanbszkx%2bkik6vjfebbv3h0xvdpwwa8%2blxhpktorfmepyiz3i%2byliz5mm51ij6au0cgjtz08oe7pq%2bwf1we6vvbxtjkak0dg3vcw%2f7hncwpgbtgju2qzir1st%2fjilc5nr1r9kfxu%2fbzwruxux0h44irb5nhfa3holszfqdycg9dkuyexai3gnqwv2ouf4%2bg5wqyv08glfviyoye4%3d%7ctkp%3abk9sr-dgueitzg,"Aug 8, 2025",14.0,Pre-Owned ¬∑
adidas yzy 350 v2 cmpct size 14,$66.00,https://www.ebay.com/itm/146745028017?_skw=adidas+yeezy+350&epid=19050345610&itmmeta=01k2f8ee11yka191hysfd7tdz5&hash=item222aaf6db1:g:qieaaoswpg5ol4cq&itmprp=enc%3aaqakaaaa8fkggfvd1ggdu0w3yxcmi1ely%2bvjyhegco0pkf%2bmbmg%2fmjriadnbu5eczrf5mvc2gf0pumpb1uzi%2bhhpw3j%2fuaubm%2fzwftngxazg6yqis%2ff8jcs2lvirvalom%2fcsthv9rbbkelldvh955n5bsc250bo4wbfybfpv772biwq%2fzsqr0tziaduj%2bdiwcxxrkvhwinjqynvldxg1oufb1gfq7zk77moptz%2fkjn9r3fyevfgcgv3bozk6snj%2bkmb4fopcg4gh0yn0a0mx0fwjfxouza%2fpqpxbymbm3fz%2fc%2foibata0bhuznv%2bzytukkqpl%2bsfcg%3d%3d%7ctkp%3abk9sr-dgueitzg,"Aug 8, 2025",14.0,Pre-Owned ¬∑
size 14 - adidas yeezy boost 350 v2 low cream white / triple white,$75.00,https://www.ebay.com/itm/226898216882?_skw=adidas+yeezy+350&epid=27039794341&itmmeta=01k2f8djy7kvbysd6ceyacy56q&hash=item34d43007b2:g:dbcaaesweq1ojmhb&itmprp=enc%3aaqakaaaa8fkggfvd1ggdu0w3yxcmi1ed3ivg7n%2bvjsgf3yrykqvrbcjuitzraiwrwiq1vx%2ftkylupo5srciwqngao5eemgqrr10tk2bfv8weex70vn%2f3%2bb%2bh8kjwqfmib1jvasfj3xsi%2fll7nphnzhlai100zojlh%2f3hu3lkbz0vh2opewmhzbtvuitbqvlzlvuyop6sh1jsxj8rhxt8xyrcec%2badpwrw3xqp1jifuzsd7d%2fpv7jaej%2bxzr1nk9lvw8lipio9ii0s%2f5ujdnigowlrbrmscartuqcdm4%2f2joagjyfqvsvxc0ymkvhkwvajytszzjjtg%3d%3d%7ctkp%3abk9sr7ivtuitzg,"Aug 10, 2025",14.0,Pre-Owned ¬∑
size 15 - adidas yeezy boost 350 v2 bone,$175.00,https://www.ebay.com/itm/127290188883?_skw=adidas+yeezy+350&epid=13053138659&itmmeta=01k2f8djy7scbmdeyt1taxq09v&hash=item1da3162453:g:amcaaeswt81okixo&itmprp=enc%3aaqakaaaa0fkggfvd1ggdu0w3yxcmi1fltubp5lzlw6psu7qyrhiig6y3ghzppfm3dy9mxjx0d7xnfwrjd39a495gkp8pokhunnrqsmekz7hw5gjiobiyximgwkdub7f3fnnkxnwwossj2ak1ssoko0sdmte7f0ahknu3imytqk8ptbkbrpxdodk9bujd0gvne%2b%2fxnu7bzxxnov3bspipg%2bq2wdr2yi037dxka36au1g9gjv39vxtnz2akunmijohtalhekzy4mymnza4ibtv840otiadkfs%3d%7ctkp%3abk9sr7qvtuitzg,"Aug 10, 2025",15.0,Brand New
yeezy boost 350 v2 kids size 3,$27.99,https://www.ebay.com/itm/167670129542?_skw=adidas+yeezy+350&itmmeta=01k2f8dszgp1fpdvknsh68v785&hash=item2709eb2386:g:8xoaaesw6qnogohp&itmprp=enc%3aaqakaaaa0fkggfvd1ggdu0w3yxcmi1e0byjcdn4wdzpv9fksmylzuewumdwrm%2fnc9seb6wayv1q%2bquqdqwfcszjlmswi%2bavygjikf63qni%2fshezwdbw4uhppnrbrmsvbz5dfknnjxrkhxadbt2bbl5qexehvnpdmldz3e9lukvicjsf9qic9siykfbeb8qbkoty5oaorogpbnae7%2f3kd5wh%2fb%2baqpmcdm9dbwicwkyxsl0itsz5ly%2bhpwsxfiworlevkoyiunrym7lgyk1oddygff4fubny%3d%7ctkp%3abk9sr4igt-itzg,"Aug 9, 2025",3.0,Pre-Owned ¬∑
"adidas yeezy boost 350 v2 ""mono ice"" gw2869 size 4 1/2",$100.00,https://www.ebay.com/itm/226758161968?_skw=adidas+yeezy+350&epid=21045642632&itmmeta=01k2f8ee11cmwf8nynq1sekz6d&hash=item34cbd6f630:g:naqaaesw7ovokcr9&itmprp=enc%3aaqakaaaa0fkggfvd1ggdu0w3yxcmi1eioxmo8hvkcvy34trny27oehcpy%2be%2f92saz5zrzy1i6gbyqiapctwctigtobjjvj27ifange1if7olprf82tfwff1yji7p6uuj6r80lte0po02rvsj866tmoqhgq8%2bnxtqifgm2u10irzvvyb7lv5isyqby3ogjqkhezh%2fthybv1dcloq2v9ry9mmsxwdvxjkhe34g9kw3afndn7jqly8wmseorr%2bnm7pze3q4fj%2fmfvgwcebmm4xrvy97vbw3ic0%3d%7ctkp%3abk9sr-dgueitzg,"Aug 8, 2025",4.0,Brand New
adidas yeezy boost 350 v2 bone |size 4 to 16| free & fast shipping!‚úÖüî•,$195.95,https://www.ebay.com/itm/405207570440?_skw=adidas+yeezy+350&var=675308568826&epid=8053145154&itmmeta=01k2f8ee117nj950m3d2x6s6qf&hash=item5e5840d808:g:nzuaaoswfvtm108m&itmprp=enc%3aaqakaaaa8fkggfvd1ggdu0w3yxcmi1epqc1vchdp8%2b6yhgz2oorpilwiantjamdwbqurjm%2fzltn%2ff3nxduf7rued8iyn3crpxmm918uyznnjmatwvjbdbjmnn%2ft2xolkiam8wu94qy330ts8trjgueuzfrlgwnkuftgj7qtz5wk9b%2f4ramrqiwksl9mau7ou45gbvmmedfhui%2b%2bktkcsp01hstix6%2bggvksajnivy2jhxclfld4lsb1i5dcczwajulzebmnefg5qonchqhjdh7e402uzeplyeosy1yg%2b4u7g4m2ti6ztt4fhrfubqahhe9i7cjgdiq%3d%3d%7ctkp%3abk9sr-lgueitzg,"Aug 8, 2025",4.0,Brand New
sale adidas yzy 350 v2 cmpct ig9606 black gray size 5.5 brand new,$74.99,https://www.ebay.com/itm/335831547568?_skw=adidas+yeezy+350&epid=18062182318&itmmeta=01k2f8ee110srxz4xm0dxpk3yd&hash=item4e311ebeb0:g:7umaaosw7wdnvccs&itmprp=enc%3aaqakaaaa8fkggfvd1ggdu0w3yxcmi1e3gkjkzhv93%2bnv9k3helugrw3aoxanlk8jraz1riyalnyk%2b%2fi1w3ohytk%2fo%2bhhfyqkcgdtwvirhyk4mkbnzdgynz7gvflaebjwknhbnjnzfzr4ejooyzbuvpcxinw%2b%2fuh8bmhlkayq1mmbhqr8pxafiaeakrxfgisk7rkbdoxmvahe1pmgk7lvoqxzjd6kb%2bvck9hzzpzza3%2fusfsqtgly44485flogcs1wtzlt1haih5szyekbc52vhcfvzbpvjvvoy2fhxguooudhebwydssqvp3pqkze9eygocmquwioq%3d%3d%7ctkp%3abk9sr-lgueitzg,"Aug 8, 2025",5.5,Brand New
size 5 - adidas yeezy boost 350 v2 low blue tint,$80.00,https://www.ebay.com/itm/297111942421?_skw=adidas+yeezy+350&epid=9058283111&itmmeta=01k2f8djy6a5zjjkzjt9qwt9pw&hash=item452d407515:g:fhaaaeswrhzn04pf&itmprp=enc%3aaqakaaaa8fkggfvd1ggdu0w3yxcmi1dn%2frm%2bkwz6f7i7%2bdg7henybgbvi1wstf83j5umt5msf36oud714ukf2mhsb%2ba3uszyij4kbjbmcgidl6%2ffjrzwy6gi8sgbpdyzz6pn5zv%2fqqirjwpsm0w6fetsi8ldmc9mzwcaj4%2fyjcbpwnjywpyuqi7vsia0ooo8z%2bfc3jgqxnzamtnlhxzpq5yd%2fwsn2dhrsxqlpjkhttbp8disbgucfzyzzqg03srp5csb%2bxto9hkzv3pdg7q9rvfhylibxhpak8cri3kuuu4wsasrnvt4n3ryqbdjpxitvaxq5%2f184g%3d%3d%7ctkp%3abk9sr7avtuitzg,"Aug 10, 2025",5.0,Pre-Owned ¬∑
adidas infant boys yeezy boost 350 v2 slip - off white size 5 m,$50.00,https://www.ebay.com/itm/406117313029?_skw=adidas+yeezy+350&itmmeta=01k2f8dszfwagf3knkergsfc82&hash=item5e8e7a6a05:g:tuwaaeswt5polqur&itmprp=enc%3aaqakaaaa0fkggfvd1ggdu0w3yxcmi1cqsbg29c5oxkin3uzf8kohlcefm2coywrxdp%2fpxkvkcntdurbs8o8jio52m%2be4hbpbaamaeqykadbwrb4lqzjujipb9ojc%2bvr7764r3i%2f9bzqqnbj%2f2hb0fw28yfjtm8zk7d7mzlanfhmzyrsnwfaymuser36%2bgytwdv%2fsn8qyckrbpydb50zcnis%2bdpxv5ijxhu2v8kk8%2bwdoic3vjohvuk3nl0rishnkn%2bflpchhg5zck%2bwo44xudpzayozmeew%3d%7ctkp%3abk9sr4kgt-itzg,"Aug 10, 2025",5.0,Brand New
size 6.5 - adidas yeezy boost 350 v2 2018 low static non-reflective,$64.00,https://www.ebay.com/itm/357403725030?_skw=adidas+yeezy+350&epid=25039792813&itmmeta=01k2f8djy565m17mws510v7k5m&hash=item5336ec0ce6:g:pnaaaeswwxzoj9ob&itmprp=enc%3aaqakaaaa8fkggfvd1ggdu0w3yxcmi1fjey7m1qvb1sstxkvnc9n6idlk8gohqxfhml9%2fhp7g2h08hhpaizcpdyu4ystjlzo8hsg25qqamku1gtolwgbkybtohpyznzhoyc4c%2bv95om6%2fdld2vkcz4tcvwt5auuevtd%2f6na3hsykghh1s2tj%2bxhcew7ddju0ox7%2f0rkibm3v1zrby%2beo5w5xd%2bzfx9x7x0sneajhpv%2bjpa0svkn7q3pgm0vhhfbhwmi9gbtirr5s4xruytfzioixfoofdcok%2bneonekalg1b5hmvokuo3r3%2fo3%2bi4vsecigaahn%2btwg%3d%3d%7ctkp%3abk9sr7svtuitzg,"Aug 10, 2025",6.5,Brand New
yeezy boost 350 v2 bone size 7.5 nib,$195.00,https://www.ebay.com/itm/146763763852?_skw=adidas+yeezy+350&epid=27053135529&itmmeta=01k2f8djy5kyqtc793vynnms1w&hash=item222bcd508c:g:~oyaaeswfx5omfp7&itmprp=enc%3aaqakaaaa0fkggfvd1ggdu0w3yxcmi1cbnavtsmydx4cedbuy7pxk%2ffdg1bz90qijagl0e%2fnadmwzlbstogzhcz33dnfht1iyxtovbh5m%2b9wvmpou3tzyiht8jqvybdpsobrlzdqi402tuyrrd8lrjihp%2bpaeusgyo83vvj%2fxghi1ewp1jmg%2fyp2jgsxuaz7lgfs9run4i4nzwbt3jprff%2bnwkoh119%2fo%2b4bfxom4e57djngp7m1wppqol9pg%2bscahsapjbcs%2bd3q%2fzhjmlgb7yleckpd%2b9g%3d%7ctkp%3abk9sr7svtuitzg,"Aug 10, 2025",7.5,Brand New
adidas yeezy boost 350 v2 triple white /cream size 7.5 cp9366 preowned worn once,$185.00,https://www.ebay.com/itm/116665474966?_skw=adidas+yeezy+350&epid=19039799913&itmmeta=01k2f8dszg7d93179ce8mxvzm6&hash=item1b29cddf96:g:hh4aaoswy-zmfi3x&itmprp=enc%3aaqakaaaa8fkggfvd1ggdu0w3yxcmi1er1cz5ihiyjijr2%2b6atfc2clk9zj3ksoifchltikxntnoaxsdprmvodcudjvjiurfnk5pcdiphjwoulfokxsrmspsu6seb%2bhihrkvjdlfmry7%2bmrzjhcil1dsxqxjogh29puxs5vkqhofio7fspaejdte2nsohrhdp7qmsou%2fvgaqppuhih6rh4gk%2bzla%2b4tvm%2bajssk4%2bcq8rxplry8icljkjti%2bcxrr21vya3qji5b5irlftsvkdgywco6plojdoint%2fdsxqbmkbhshitryn3wfljbpgb5ramvpavuehbg%3d%3d%7ctkp%3abk9sr4sgt-itzg,"Aug 9, 2025",7.5,Pre-Owned ¬∑
size 7 - adidas yeezy boost 350 v2 low onyx,$189.99,https://www.ebay.com/itm/356981927557?_skw=adidas+yeezy+350&epid=5052585024&itmmeta=01k2f8ee104tph110wehmfb829&hash=item531dc7ee85:g:m9saaosw7avn-z3y&itmprp=enc%3aaqakaaaa0fkggfvd1ggdu0w3yxcmi1ex83sswtinruzb%2bf5%2f4srrbcpe6ktob97pjon1uyxmn8v42mstdov1hyoww5phbjnatruip75xdomxhzxdthezhtnhuhqd3cg8yjbvcoefowdq4mogee%2b4rast%2fktq9pgkrxvpppttm%2benriu8yswziyaekqkonfhvfy2rqfgbiaym9jtbmg8mvskico1bsv7olexmied0lkixymiwlbekznshwntto55i2txqujzyqfgitta2zqcbafbsbgxlggg%3d%7ctkp%3abk9sr97gueitzg,"Aug 8, 2025",7.0,Brand New
adidas yeezy boost 350 v2 butter size 7,$50.00,https://www.ebay.com/itm/365443490232?_skw=adidas+yeezy+350&epid=12039830314&itmmeta=01k2f8ee11h90ewxp02r2x9w7g&hash=item55162121b8:g:armaaeswfhdnyaol&itmprp=enc%3aaqakaaaa8fkggfvd1ggdu0w3yxcmi1fvhp50k1j4y6yuf0prmsatkmuxaupymjzhp1wiohgbn20w2csv2kdjjne6xpuerd0ixjumbjah3%2bv9mekxdplumpgsi7gcecb%2b4z7%2fs%2ffplj426%2fqyzuflodw0nl8jm1kbbpvvh5gzemjhdfiw%2fwdcik2xmd9ahovwyqbvypqy4dccnzvscznoyghctco7usb0adqx%2boqac5r30f%2bh30nyrcnfw3lqgggbht9l69posf%2b97pjmqi6onoa5sn6wnys7mtnin%2fsqdjzphh48vueen7uljyvj%2bojsk22efbdm%2bg%3d%3d%7ctkp%3abk9sr-dgueitzg,"Aug 8, 2025",7.0,Pre-Owned ¬∑
new size 7 - adidas yeezy boost 350 v2 low carbon beluga,$122.00,https://www.ebay.com/itm/326714934019?_skw=adidas+yeezy+350&epid=28059066354&itmmeta=01k2f8djy7twhpyab2ez7wbw10&hash=item4c11ba4303:g:5f0aaeswlazojlft&itmprp=enc%3aaqakaaaa8fkggfvd1ggdu0w3yxcmi1erbqalb8%2figuf691ky%2fdvqn15o63pvcfak9dj8crrtegryjhxpbhfftsvh35fuvnmjx6in%2fb%2f4cdifwt%2fb9%2bkol4ax8took5cq7z6etbo3hg9lwu6szij6cvtqzgdyi76xqus3ehsgpfc3ch1caxhqqjkx7ckd%2bepjzy4jvpmhyfqbdkuxv1j5nvpck8sudnvsfzom1pkcgcjnoa8kaz6wcpg7e%2fn%2bqu62vkmptz9zcf48plt995nmrn2m6vks1drcew1xskoe5tm8nr2jvv4og6hmnp%2b0a7zyosa3%2fn9zhg%3d%3d%7ctkp%3abk9sr7qvtuitzg,"Aug 10, 2025",7.0,Brand New
men‚Äôs adidas yeezy boost sply-350 zebra multicolor everyday sneakers size 7,$49.99,https://www.ebay.com/itm/388776446955?_skw=adidas+yeezy+350&epid=7039805752&itmmeta=01k2f8dszfx952mt3kwnm61f6f&hash=item5a84e1cbeb:g:0lyaaeswl21oiofx&itmprp=enc%3aaqakaaaa8fkggfvd1ggdu0w3yxcmi1dqhkapxwvs79rulqkfpcwx2gunwasyxe9vigcfxmxy18cgeffbuiuue%2fcdrhuiaz%2fpy7bl9owccimqmvvalvs5qghovvn2qkow%2fzfzil%2fhvtohk74rs%2fbpfcrgackrxopekue8m7pa35u3kyj8vv6ye8ni9tm3b5miiihqt%2bfm7vbg4c7llureoifywmqhfz0ypriojp%2fimxkn7fxvsyjciakfjf0mawtofzrgyqbyfb0zp7uilorifirehchl9skbxcp23auj6k%2fjsfc%2b5dxk7emyzgsrkon1nhx5w77ujq%3d%3d%7ctkp%3abk9sr4kgt-itzg,"Aug 9, 2025",7.0,Pre-Owned ¬∑
adidas yeezy boost 350 v2 ash pearl mens size 7 gy7658 rare limited sneakers,$71.99,https://www.ebay.com/itm/326631780117?_skw=adidas+yeezy+350&epid=3044912759&itmmeta=01k2f8dszfwxzzj9c2we46af6s&hash=item4c0cc56f15:g:xzqaaeswuovoskrm&itmprp=enc%3aaqakaaaa0fkggfvd1ggdu0w3yxcmi1dnsae%2fqzqbfmyglourx9fxqg7a1xotadorlltamt4ewvodd5f0ui73nyqkdty2%2b50abril7yu5mg5j7uuudqplyhityjnjmuq3qptidlxsxuoxolb91%2bgyttimj7pe2y0osn8uhcjcjv8%2flmooslbmodqvhqwmuxxz7sfw4%2fga4%2fkzm2cmlqphhd0uxugf8sw5ymxsv4fyyz3ldiwokdmj3z6e1z%2ftx1%2bvoewgequxdyr79tp35om57z4memwjuk4%3d%7ctkp%3abk9sr4sgt-itzg,"Aug 9, 2025",7.0,Pre-Owned ¬∑
size 8.5 - adidas yeezy boost 350 v2 yecheil non-reflective,$200.00,https://www.ebay.com/itm/376465105536?_skw=adidas+yeezy+350&epid=22039803170&itmmeta=01k2f8ee11cd14wnyzqm0ksc4x&hash=item57a711a280:g:pgyaaeswo3xolvth&itmprp=enc%3aaqakaaaa0fkggfvd1ggdu0w3yxcmi1cutdrg5jffd5x9ta%2bz00ga6%2bajx49ji%2fyewvfublkhrtek3pdzje2pezmhqer59vnw0ucokkqz5q1akxtpwx1h8awb4au8vrnzbbrvibsnmzhlemyq8yo3oi5dbumclecoubqz0py0zwr%2bgeebv8l0gctqyhy3ek6icpawrcl2iev1%2bhp7%2fbww%2fky1abz21yrows1qqaw28ms2wgop4yg%2faxktqundoabrdoddeea5ko1rtwwkyhw5krblhxurs28%3d%7ctkp%3abk9sr-lgueitzg,"Aug 8, 2025",8.5,Brand New
adidas yeezy boost 350 v2 cmpct slate carbon size 8.5m used with original box,$70.00,https://www.ebay.com/itm/357376954734?_skw=adidas+yeezy+350&epid=25054361776&itmmeta=01k2f8ee11sghcxmcqbj5cejss&hash=item533553916e:g:dekaaeswczpoiu5x&itmprp=enc%3aaqakaaaa0fkggfvd1ggdu0w3yxcmi1crh7c1udqhpz%2bueisdcq%2fzthe%2bzpkg9qwbq%2bhs5zu5h9yurwgaxdanp92t6hzpyqvvosvbhjbcbgqfp5ollh5o0kw8rxpt5whv%2bukmz0ssmhisomk77gbs5uoey%2bg%2btfxef7x7we5n2ptnwi21sep0%2ffsbbaqrq3tugktw53l5rigrc3s6m6znz3tqovnfu2iacfw68zkvdnlngxf0uyocz1ddy1awkm6bed72ctne2sayzgqpzqstnmjfuw5b%2bpq%3d%7ctkp%3abk9sr-lgueitzg,"Aug 8, 2025",8.5,Pre-Owned ¬∑
adidas yeezy boost 350 v2 beluga size 8.5,$79.99,https://www.ebay.com/itm/306438544586?_skw=adidas+yeezy+350&epid=6051954680&itmmeta=01k2f8djy5mcf7rq55fq1w9axz&hash=item4759291cca:g:l9uaaeswa4lolikj&itmprp=enc%3aaqakaaaa8fkggfvd1ggdu0w3yxcmi1dpd8872vjimupxeftnys9euwq%2bucnopfwgnoezem0uvx91ft1jrvmbfmwh9wuaiby%2bufkzob%2b5zjwaqocqd7vmpgrdnuolbuvizniqxtzcvpq4v%2buocxkovfzcngkyo5x2cxwnmyzf0bgsvdjssxvabswzeivqhwglyrtzuf2jxlyo7a0mbialewdiyeulkabtaqb9uqc5einlvapiqxs7eq0ziyjjj%2b2n2ysc0hszjcx7q0tmjsrso9veywxkmws8m7efnlks%2fje7xqhfnr%2ffa6jp3jkvnipy%2bn8xodomnq%3d%3d%7ctkp%3abk9sr7svtuitzg,"Aug 10, 2025",8.5,Pre-Owned ¬∑
adidas yeezy boost 350 v1 pirate black size 8.5 mens good condition no rips,$97.99,https://www.ebay.com/itm/357252260101?_skw=adidas+yeezy+350&epid=4039795663&itmmeta=01k2f8dszf96n2vqancmkvypqj&hash=item532de4e105:g:9zqaaeswcr9obymo&itmprp=enc%3aaqakaaaa8fkggfvd1ggdu0w3yxcmi1fw9ye512or%2b6%2bdzln66cpllpwjopvolt81sr8zvwcqxglzaknyt0njyqbqkbdez1fmqdrdlniqrk1rjo9lule%2bugdnr0lhvtos%2f6qodz4pj6f%2bshw8znynjtgurc39chuu0yfv6r3tulfu3mnwwz%2bsucux5k7%2bkicl9eji%2fzlaiitg1nykzqoyvsddva--gttoqmmei1gzw8j6qkql4wjyvnvbfffznsprap3vzlx0dnlqqexavreubtuxdhzv7tvhdijbucld4gkcrtw%2fo5nz0j9eikubuvzyttis8o8cxq%3d%3d%7ctkp%3abk9sr4kgt-itzg,"Aug 9, 2025",8.5,Pre-Owned ¬∑
adidas yeezy boost 350 pirate black 2023 size 8.5 ds bb5350,$135.00,https://www.ebay.com/itm/226798907998?_skw=adidas+yeezy+350&epid=14039797604&itmmeta=01k2f8djy5fh1gb4352pemqxgv&hash=item34ce44b25e:g:5ukaaesw1z9oqh06&itmprp=enc%3aaqakaaaa8fkggfvd1ggdu0w3yxcmi1dbavmbmxl9vsajlukhwt4vkq2sxygwcuo4%2fupovv7%2fbvu7rfes8sufdht6ayzzyc1l0xjiq%2ftvv8iwtvhnvlgonyi92sg6ce97qvliwk%2fc3xltrxa2b7raycoqwk%2bt9gsfrnlnnm8rkwq8n9o5kgh1hz1zimnbhcdfz5u5zloj7rmqcr0e4lx76wwwicafcenuldw6uqi9uldps1qrwepq4vascokmu6k%2bykfnooas0q2lqlvzhwc6spdhly9g8cgjqhmg%2b33ypmycbhzzuphyscxuw95k%2fopmxk5scan4zw%3d%3d%7ctkp%3abk9sr7avtuitzg,"Aug 10, 2025",8.5,Pre-Owned ¬∑
size 8 - adidas yeezy boost 350 v2 low bone,$199.99,https://www.ebay.com/itm/365785753776?_skw=adidas+yeezy+350&epid=14053137863&itmmeta=01k2f8djy6v8msgevkqxeh684x&hash=item552a87a8b0:g:x5waaesw6shokiu9&itmprp=enc%3aaqakaaaa0fkggfvd1ggdu0w3yxcmi1cvq6pctz1ixfqe5lmweysef7af%2f2vpptnpe2nxr3edcrw2pxeahzyrvqpkaxa%2b2prej8vqusdken1ntrnlqpntgkvc%2faxpvloyy3rypvydwxvml4aozrnvlk%2f0zdtvybaurb3rizkgze9dwd8f%2fiaf16ku0dab8lcrc9rs3r6ftfia%2bwtmqw6np9mypey50jlo4bz35uhkio8oh%2fptrylvvsikql%2f%2bvdw%2fo5y852buoeaicwcidhkotbbdp676dfy%3d%7ctkp%3abk9sr7avtuitzg,"Aug 10, 2025",8.0,Brand New
size 8 - adidas yeezy boost 350 v2 low black non-reflective,$95.00,https://www.ebay.com/itm/267352038921?_skw=adidas+yeezy+350&epid=21051118395&itmmeta=01k2f8dszg20551jphv90wpxep&hash=item3e3f6c5e09:g:hm4aaesw1izod7sy&itmprp=enc%3aaqakaaaa0fkggfvd1ggdu0w3yxcmi1d9stqsmnuz42ahl--wmcqx%2b6lsd9glptsxogtdopacnkqke3%2bctxbzpqw70xqdev3hu%2be5wz8anzdes0m%2f4gxdhayogzaelavcw4dnnk2ffowleivngpf3rfb3gacgl9zxigt5mzrzmezwghd%2fyaou4fro6fc%2bffz%2b1gsv5brjvtjsari51u9df0zogx%2f4%2flmbvbad%2bnzl2%2bhm4onzguduckemrj6epz%2flo%2bilovce1v8a5prcbb0gkso9jm8jxxq%3d%7ctkp%3abk9sr4igt-itzg,"Aug 9, 2025",8.0,Pre-Owned ¬∑
adidas yeezy boost 350 v2 cinder fy2903 men‚Äôs size 8,$169.99,https://www.ebay.com/itm/388717791035?_skw=adidas+yeezy+350&epid=12053222257&itmmeta=01k2f8dszgsrgqcr5e94ny4wqq&hash=item5a8162c73b:g:qiqaaeswk-boeavj&itmprp=enc%3aaqakaaaa8fkggfvd1ggdu0w3yxcmi1fzu1g1uxhy9a%2bmrn60gae8vu0qwrz9ei7j3hczuajdlfp2cjnjtt7t6m2%2f6ako%2bpbmh2cmqsbjjcn2lcbbg4rsw19%2fkjz7boniyyums8sb%2bcfv37t6yclqnrichwtxho1ymvefff5x%2fje8cgsky1%2fyijsxm0aaadheuhzs5cagdrjj9cjgehcet7sf9zq%2bbzfh1runqmb9ti3n0gydnnsbd0jyhdjjhwltpsfkg5uikkqulxvuv7jcjpibdo1hp6soh460y%2bgk185ffhrxzgs6qeqw4twgmogyckfeqsylcq%3d%3d%7ctkp%3abk9sr4igt-itzg,"Aug 9, 2025",8.0,Pre-Owned ¬∑
yeezy boost 350s mens size 8 still in box,$150.00,https://www.ebay.com/itm/286747016372?_skw=adidas+yeezy+350&epid=23039808741&itmmeta=01k2f8ee11hm2w9q3c3wb96gyw&hash=item42c3743cb4:g:290aaeswvktokcw~&itmprp=enc%3aaqakaaaa8fkggfvd1ggdu0w3yxcmi1enwolemdixptckuivhgy4nworxe3diovty0i%2bvrw7jfoy%2bbrifuej65zqdhaf%2fv54caqhu%2fnisv6v10owh3gg6wwklt7edzzyiyk6zc5n%2flazodr0gordr7yqput9khsfatohxyb2tvy74dtqw6rveljoha64d28ey%2fwotrdfenatmnzkf1dqqchinqa5hxurr8mw5bngsjzeakyjlp7%2bbjhwukzf%2fsfcgruyx8aem70gnbzars%2f9fhg2kshzjjtm1bs6fh6rr7sa9mopi9%2b8qjbrlqmawk6i9mu27lxxmca%3d%3d%7ctkp%3abk9sr-lgueitzg,"Aug 8, 2025",8.0,Brand New
size 8 - adidas yeezy boost 350 v2 low zebra,$75.00,https://www.ebay.com/itm/177313456630?_skw=adidas+yeezy+350&epid=16058970795&itmmeta=01k2f8dszfdjsd6wv12ztb5k1j&hash=item2948b4a1f6:g:kgyaaeswoadokuk4&itmprp=enc%3aaqakaaaa0fkggfvd1ggdu0w3yxcmi1eyqcl4w0l7narclxh%2bdifquuypl45avg%2b9cum078go%2fyrewpt0bcc9vtwn2mxxtsyrq%2bt7dxp%2btdfkyxd7wd7lg0to3dklcgkjqhzu0nf3aro8bhvhwtazjq9icwirvua9sen099j4rxcmbe3hkvnvm%2ffdosnecmdr1js9n%2bpfmop2qg4nma%2bbtrres8rj3fa9t2h5ghqv38llxhj3lhdoxtl6db24p1drikmtzo0y2gdcqsfglgtoy4m%2fosptdaa%3d%7ctkp%3abk9sr4kgt-itzg,"Aug 10, 2025",8.0,Pre-Owned ¬∑
adidas yeezy boost 350 v2 butters size 8,$75.00,https://www.ebay.com/itm/286262889647?_skw=adidas+yeezy+350&epid=23039808741&itmmeta=01k2f8dszfqxt0kp7nnx8kxxhb&hash=item42a6990caf:g:cgaaaoswmqvnhyxn&itmprp=enc%3aaqakaaaa0fkggfvd1ggdu0w3yxcmi1dxbxybdm9z%2faoujxawnk8mh%2bx9qsdywchvkjzxys0amaya20r6u3s4e6yhuakj9xegtbakvumveifzmbdgst3ut%2bg5ee4spthy666m1olrqioggzsc0cnc4xs12aq880v8q%2f3eovlesy4ltdhzx8%2bhafywldf6qzkf6trfqj%2b%2bijl37coxvmheycevrqvpaxnlbhs1hjjarlykkwsqtvou1t6hnusfctupgkcrl2vng%2beav%2f9zw4ymj261fgps9yg%3d%7ctkp%3abk9sr4sgt-itzg,"Aug 9, 2025",8.0,Pre-Owned ¬∑
size 9.5 - adidas yeezy boost 350 v2 low ‚Äòcarbon‚Äô men‚Äôs shoes (9/10 condition),$92.99,https://www.ebay.com/itm/357409564473?_skw=adidas+yeezy+350&epid=7040613018&itmmeta=01k2f8ee10aqjcywwwaxhbjk2k&hash=item5337452739:g:lz4aaesw46fokur~&itmprp=enc%3aaqakaaaa0fkggfvd1ggdu0w3yxcmi1d1kgbytao0indit%2fcbmskf5pqvvihlywodyxunpnh1tjwfx7h%2fa6bcoubml24osdg%2bgjxgybf4opttd75cnvnkadzzdojzgo7eus5ggvwtwlzujtz6knstjgcklixruiyiqk0yojquoldyevztin3rwkgh4vfz9i0ivojtemaxaimmgkegnn3pqvarncpdgpi7q4jccdav5pgq0ygv6fivy2ki9dosnuzplkkgw%2bx%2bgc8fo4fqfmzcmap0lqy%2bjy4%3d%7ctkp%3abk9sr-dgueitzg,"Aug 8, 2025",9.5,Pre-Owned ¬∑
size 9.5 - adidas yeezy boost 350 low turtle dove,$220.00,https://www.ebay.com/itm/326710805382?_skw=adidas+yeezy+350&epid=25039792704&itmmeta=01k2f8ee11befeeebc2vtsgeve&hash=item4c117b4386:g:xoiaaesw20zoiol7&itmprp=enc%3aaqakaaaa8fkggfvd1ggdu0w3yxcmi1feheksn%2be0xhgj1ogof1igp29%2fz5i3tjenyyzm5idjsx4v54uy0wla63ronugnbtx%2fxo6cpwocworstwuxdh6mhykevvjr7dgkcknnvkgdm2wz5o1yqx%2bb3iabfigwdyvz59vykdimsivllsy9%2bfu3ah8frrlu1evcj6wtkmrf2suor%2ficg3fsujzzlgqo4lplm9vb%2b%2ftbdqtcll5meydbehkfycmy0ktfo8zjzvqnafs50aks%2fluwvlhm4osa8d94xyaq3whcnvvhvdtj9%2b1ojpqutbbznneu%2bglpyz7mkq%3d%3d%7ctkp%3abk9sr-lgueitzg,"Aug 8, 2025",9.5,Pre-Owned ¬∑
yeezy boost 350 v2 beluga reflective men's size 9.5 gw1229,$120.00,https://www.ebay.com/itm/197577290369?_skw=adidas+yeezy+350&epid=13052105817&itmmeta=01k2f8ee11k5hpq3dhf42gzc2r&hash=item2e00863281:g:szgaaeswvl5oiufs&itmprp=enc%3aaqakaaaa8fkggfvd1ggdu0w3yxcmi1ehb2yjn3jk25uon%2fsyzegyaa4qgr%2bc%2fdt%2brodqagj2%2fxdc54zlw5freihyb%2blqhc7hhh2n4n39mtztdwqndw17rivksv%2fu2dyxca47v4n5bt%2fqay7bngefujwjx7fb%2byrepnxye4coonzueqef94cbhpjibprssbmin167kufpid8d%2bgv0yg9fteeqfsumq5vpvv%2bvv%2flfl3gxuc0ymd34rxrugid6t3ezlgvvq80%2fsb4dj5olt%2bsnctgy0tdrh4zlxpg9cq%2biy0u7ysbmjl96rk0gdambsvoip8hdw216mg%3d%3d%7ctkp%3abk9sr-lgueitzg,"Aug 8, 2025",9.5,Pre-Owned ¬∑
size 9.5 - adidas yeezy boost 350 v2 ‚Äòsteel grey‚Äô men‚Äôs sneakers (new),$164.99,https://www.ebay.com/itm/357273119071?_skw=adidas+yeezy+350&epid=12061774497&itmmeta=01k2f8ee12pasyyg1rgq64dgzd&hash=item532f23295f:g:cigaaesw881ocvyi&itmprp=enc%3aaqakaaaa8fkggfvd1ggdu0w3yxcmi1cxgysjelrasupwlsvvag8tlnnyfax49snrpfne68klb4hai0dy8f%2fg3zlwofzqpvmsycc31de%2fjd39yj1gbkr58zub1nw8yp1xbuso9gt68hagm%2b4e8lalfrybrepgskcf4use%2bhumct%2f6i2pifeg6bhe3tifcxxdnhmlhqnwz%2fjwn4zjnqts%2ftpm7k99kiwdxn1tgzr%2bibihspg%2bmtv%2bbhimtehptjztdzlthxjysqyl3on2vaduwpwueret%2btkgpzrdehy0n9m2tms2qgjrsovp47ir14idv2rshsrtnng%3d%3d%7ctkp%3abk9sr-tgueitzg,"Aug 7, 2025",9.5,Brand New
size 9.5 - adidas yeezy boost 350 v2 low beluga reflective (new),$239.99,https://www.ebay.com/itm/205637806279?_skw=adidas+yeezy+350&epid=13052105817&itmmeta=01k2f8djy6dw0zy0n993x3x62b&hash=item2fe0f7e8c7:g:ljsaaeswq19ohydt&itmprp=enc%3aaqakaaaa0fkggfvd1ggdu0w3yxcmi1f%2fqwwsvwbktzwwv%2fzwtlbmbkhnjsqnwqabeyg3uw27kces4slvfydnclvdbymqeiorndhwpsl%2bxe8tdw8pcbnkbhk0v%2fj3bdzfq5egwgrbdnx8ujv1lvtzkr5idvbywf%2bwueg1tmik9q8%2bbqz%2f0grlnny9wfbgyrbcucocd%2b3%2bc%2fvr2yvb3nvliateswsd3d7gzk3ohazbmhydwrntcw8ethmwefo8%2f61qn6%2bexzz5opd3znemnayto9%2fajsa28pg%3d%7ctkp%3abk9sr7ivtuitzg,"Aug 10, 2025",9.5,Brand New
size9.5/10 new adidas yeezy boost 350 brand v2 cp9652 core black/red bred,$238.00,https://www.ebay.com/itm/315730191513?_skw=adidas+yeezy+350&epid=20060815666&itmmeta=01k2f8djy72jk4pjrk1jjhpnck&hash=item4982fc6499:g:d9kaaosw91zms8nw&itmprp=enc%3aaqakaaaa8fkggfvd1ggdu0w3yxcmi1cjeufpiqn%2biydcbzoddptfcvsi5mtarojvk1efkt%2fxnm8m6o190l8eqwkujjdpi76843zuenjmt7fjdx4xiyuoixlpvppbd4qs%2fbqmvx3hx2gcihqtpphq%2baqwlbodedta%2byaqgocopp6mpa%2frpx9m%2bmjn7morer6wb0i%2f9svfjhrarzndh1zwwksbf5u2fubneohlwg5dvr7fwl3cwceedboagr5sdc4v59wjvlnpeojewp8hs3qg3zkznpoildghogvnzfvb785ei1waltcbijbtsrvkhutm2%2b0ekizs7a%3d%3d%7ctkp%3abk9sr7yvtuitzg,"Mar 23, 2025",9.5,Brand New
size 9.5 - adidas yeezy boost 350 v2 black reflective static black fu9007,$85.00,https://www.ebay.com/itm/335932355736?_skw=adidas+yeezy+350&epid=10039804478&itmmeta=01k2f8dszfpw3pm254xqq9n6nc&hash=item4e3720f498:g:abyaaoswrxjodxrg&itmprp=enc%3aaqakaaaa8fkggfvd1ggdu0w3yxcmi1f3sskvalkw6ltmf6qyrc4etlkn1ejiyxqtjmfxxzg3aisuxaf%2bobsshm%2bib%2f5wx2czg5berm91lvqtl5qy0j6imgx%2binu%2bwwzi84mi0neghgurapke4uc3%2fm54swqzyeq8l0jgiydrhxffhctod6ymueefdqwqmd8bxhiuij1tzg%2blkkwy2zdbs4mjesvh1cd%2b8aoccbcxhh074ptvljlqhvqg3gf8rkft7fgoqby3qy%2fmjlpklyn3mbpld5njebd4x%2f7pn821legb28e1revq9csmk9phc6gpgylx9jt8na%3d%3d%7ctkp%3abk9sr4kgt-itzg,"Aug 9, 2025",9.5,Pre-Owned ¬∑
yeezy boost 350 v2 size 9.5 mens frozen yellow gum green b37572 preowned in box,$120.00,https://www.ebay.com/itm/286687058529?_skw=adidas+yeezy+350&epid=9039799321&itmmeta=01k2f8dszg90yh4wybrq2kxc0w&hash=item42bfe15a61:g:bnsaaeswo1poplcr&itmprp=enc%3aaqakaaaa0fkggfvd1ggdu0w3yxcmi1cvxd0b%2fttyrv1jls3aja2kuo2ls81%2fqdpetavs1skd%2brfbmimyp9uhzu9oeejq8vkd8cfabxdxtdkll50qe7%2fyxzessxo95ivexbuxkjqvng9yt33c5wxyasrhwvwgpvekkwq5s%2ffi4qvmoo939pvjqbe%2fyiufa%2bbddsofercyyz3%2baj%2bu6vv8s6guqcrrbn%2bgbdk20q0lcwgadsgenc9%2b21y5vpws8pwwxnwre4zachwnuzch%2fnmipwt3khu5fj0%3d%7ctkp%3abk9sr4sgt-itzg,"Aug 9, 2025",9.5,Pre-Owned ¬∑
adidas yeezy boost 350 v2 men's shoes slate hp7870 size 9 üíØ authenticity,$59.00,https://www.ebay.com/itm/205649391703?_skw=adidas+yeezy+350&epid=9054306171&itmmeta=01k2f8dszgzae1q8ahe4j3m5ff&hash=item2fe1a8b057:g:mecaaesw3r5ojqra&itmprp=enc%3aaqakaaaa8fkggfvd1ggdu0w3yxcmi1fqcrmjoupy5rk8a5pwdykbzc7dlyytyb8naxhngyx%2fky1ruwv9savmtsiavgzmckoglzp%2f0ejcxatkqcbanlzpwfn2on0pp%2bgzjgphsphxqxcvhc4j2ugkyarqkq--yn1zw58kflkzb%2fptocqkaqo99fssfx2luzxpldqbhustyhzu6dhkjyiqftjfggfu%2b3oqxgc46wpajtol6f130mffgahibn8wcblx13agjdl0yo64dmy51mhpu7mkxqcps%2b%2bpbqlhxfhdsrgyiucdqadsj6dqbndoszqlzp4ezljbya%3d%3d%7ctkp%3abk9sr4agt-itzg,"Aug 9, 2025",9.0,Pre-Owned ¬∑
adidas yeezy boost 350 v2 beluga reflective 2021 size 9 gw1229,$175.00,https://www.ebay.com/itm/326722264144?_skw=adidas+yeezy+350&epid=15052112012&itmmeta=01k2f8dszg5tkkmv9w5dfw1ram&hash=item4c122a1c50:g:jngaaeswedrolsi2&itmprp=enc%3aaqakaaaa0fkggfvd1ggdu0w3yxcmi1dlagozpfgmqluqe%2bslvoyh4wixkskf7sap%2fsq1tfjss5gf67op5y9gsy8hp1mjvw%2bgtykfarhzivnrbxshh2voz7%2fto37w7udo8b24jul7m2zsjn5jzfyqbjerzim%2bpgnwre7zstagzwd%2bq8tlg7ynhcfqimhti%2bjc%2bokfpzuzfcyrl1rdb60ioww9r%2f%2broo2twbfd4axvzc8mdcc0h1f1d%2bvvxdlutu9s7yuzgh1acezk1wtuive0b6gdib54%2f7k%3d%7ctkp%3abk9sr4igt-itzg,"Aug 9, 2025",9.0,Brand New
adidas yeezy boost 350 v2 onyx black size 9 hq4540 mens,$125.00,https://www.ebay.com/itm/406109813694?_skw=adidas+yeezy+350&epid=2323628135&itmmeta=01k2f8ee107xkjb3mvyw7mtgqr&hash=item5e8e07fbbe:g:9lwaaesw1rhok2ez&itmprp=enc%3aaqakaaaa0fkggfvd1ggdu0w3yxcmi1c%2bjyhuvvlamwq5nevfxjh1ezdb4b3ra90qmspzxmj7dns7ekmqe%2f7qdmbejzwrj3rsqm5m%2bt4hw9%2bppdajonxmacckjekrxnifi6ebnildvk%2boulft4cfuvv19sy0d6hzqfuk5j7uq8kqeiobsua5tbunclc9f%2f2ul9cidayduuxstmi9zvqp1uum7ou4k4jbxuukql8038jnbo2pvhieme8ypunbdxv81zvwddtmnntu%2fmztgdozs%2bai9joipj6s%3d%7ctkp%3abk9sr97gueitzg,"Aug 8, 2025",9.0,Pre-Owned ¬∑
adidas yeezy boost 350 turtle dove 2022 aq4832 size 9,$220.00,https://www.ebay.com/itm/297495323011?_skw=adidas+yeezy+350&epid=3039804959&itmmeta=01k2f8ee10hdgyf0z30k9kx3zj&hash=item45441a6183:g:z1maaesw6xzog5um&itmprp=enc%3aaqakaaaa8fkggfvd1ggdu0w3yxcmi1eqeb%2bopoxibb5ckdnoaai3t%2bvj4qwdt3yfrw5111dhlskui%2b7pcgr1oofe1ykamfik5s4mitd%2ftnaiegg8kszfcmhc0l%2b4qqah6vcx9ota9218eziiywgnul6bjuwuauw15hun4yluv3t3kvtuk%2fel5%2bo09lvdaln%2bmkdfjua4q7toito%2bzas%2fi0ouiyrvmizgralbsu%2fy%2b2%2fi6kd84bxyz2lcksqrr3l3wf%2fnekngzu356d0vkvsj7vt7t1gysu%2b9shwk%2bhcbcf4tfvalzzmyio1mh9rnyobsia1kqyha%2fq%3d%3d%7ctkp%3abk9sr97gueitzg,"Aug 8, 2025",9.0,Pre-Owned ¬∑
adidas yeezy boost 350 v2 'zebra' men's size 9 great condition!,$160.00,https://www.ebay.com/itm/297497918666?_skw=adidas+yeezy+350&epid=17053776366&itmmeta=01k2f8ee10gt9v8x60eg3vxy36&hash=item454441fcca:g:7~uaaeswtt1ocwnm&itmprp=enc%3aaqakaaaa8fkggfvd1ggdu0w3yxcmi1cj2a%2f229x8yodsu4pnxlh3d5rwwb9sycepxediaj6b88gyhzxp8f6%2fupqkyvi0ydhmyakaombvftnzkhal41b1jbeekhbgnsjfe28bnhh3vvs%2f7e%2fy%2fdtntgukg9altws9yksiebfoxpqwogoqvz6pju7hbi2xo4hsvdp3bqo1uyxejndmxka9lsc16a5ti%2b3j9p9ebkszomoqrluujz5hxa6o2jyqsjdg184mgjtcsn16tkrxbdltffq3e%2b3edefxskvferfgiurdkuohddwlvrtzhjjepxgk4pdbuz12xw%3d%3d%7ctkp%3abk9sr-dgueitzg,"Aug 8, 2025",9.0,Pre-Owned ¬∑
size 9 - adidas yeezy boost 350 v2 low bone,$190.00,https://www.ebay.com/itm/146377519837?_skw=adidas+yeezy+350&epid=11053133878&itmmeta=01k2f8ee11gtxn1yb3xdzk1gfs&hash=item2214c7b2dd:g:4xeaaoswseznqb56&itmprp=enc%3aaqakaaaa8fkggfvd1ggdu0w3yxcmi1egukear4adoiixtagvugis5u4gwhyogtq4kcf1d97mg%2f201t2fnncfegd4tshpgtqvyp7ney%2brxsq5wu38gsmo%2fpl%2b3nuek6p8pqn6hrcrizpawnbjqq4usvk52mf4r%2btihi2reaevof0f5mscorsggg2j27py3vafkwyum5tovc5otjdbbepxiiyxwshjjxacodn3rjnkjhar%2fqo0vkqbkylrsau8wpgtooprtq4sq8zemxo%2fpbofjbvt%2b6x0wpynwwomptclop9f9pbp%2bbozzue09lba2akytace1l4i6q%3d%3d%7ctkp%3abk9sr-lgueitzg,"Aug 8, 2025",9.0,Brand New
size 9 - yeezy boost 350 v2 red stripe #by9612,$159.00,https://www.ebay.com/itm/276517714759?_skw=adidas+yeezy+350&epid=23039809473&itmmeta=01k2f8ee110as18nhjqefemkvh&hash=item4061bd7b47:g:dviaaosw1rlifvmg&itmprp=enc%3aaqakaaaa8fkggfvd1ggdu0w3yxcmi1e2jelahmxqjebh1jm6hwkz%2fxxqihbbluixvkgatedikmty%2f5y847pnignw60ljyxnlh3f%2bhgxfajundrmg1wu4s4vgpbvkjyaovh6oaeut14%2barczkip0q2ntxluu1r%2by9xmqfahxy3p09a5cc8%2bjdm93mnnsu5z7c%2fm%2fc01qb7bnnqszbcx056ot3egsklsuadwa4idx69nvg1m0dd46nhf33beedhndibpa2ycmh%2figjdfbx9egi0r7xuuccmy%2bmv8o2a7exehq1qosu8jhc6bg8luu4iieqll7ixwpe8w%3d%3d%7ctkp%3abk9sr-lgueitzg,"Aug 8, 2025",9.0,Pre-Owned ¬∑
adidas yeezy boost 350 v2 black red bred 2017 cp9652 - men‚Äôs size 9 us,$150.00,https://www.ebay.com/itm/286444191380?_skw=adidas+yeezy+350&epid=20060814638&itmmeta=01k2f8ee118vztqcz54nph3dfz&hash=item42b1677e94:g:s~0aaesw0~hn5px3&itmprp=enc%3aaqakaaaa0fkggfvd1ggdu0w3yxcmi1dlxuelb8og813w4ggvutdkzobmqsmirajygx7jhcd%2fu%2bbop4jkt2svs%2b%2ft%2ftqkgs%2fhkdfvevbby1ldhvwst99uwpauflkwq0qs3vk%2b6fv9dxnelxfmszpqyffrmxcrfdaegq8cxkw8nu%2fipbie2z4yaumxaapu5zyyvev9g3onhjewtkttsoflgokjcfwtbvlsft9uutuct1ezzn%2b7n52908wt7zfdh4cpqyqg7co8mjg2jnfkpkavwvjyb34j%2bti%3d%7ctkp%3abk9sr-lgueitzg,"Aug 8, 2025",9.0,Pre-Owned ¬∑
adidas yeezy boost 350 v2 mens bone/triple white - size 9,$175.00,https://www.ebay.com/itm/306300045488?_skw=adidas+yeezy+350&epid=11053133878&itmmeta=01k2f8ee11f84km3w9gpmc4fsa&hash=item4750e7c8b0:g:aaiaaeswmtloircq&itmprp=enc%3aaqakaaaa8fkggfvd1ggdu0w3yxcmi1dz09ttyqaudm4desawqe7fvqtqz4w6ckj8lwdjvy5fv%2b%2furubwpgzgi9a%2byofnsbiyu0mehpgumfygb3dhe2nvd0ahu3hdpl51idqmewd%2f8kvcrleffc1g1nnn%2b%2fyjamuadrwcrazjh8wjm%2fzxeo6mkomq3raxaarp8x%2f6tgovl6dwhgeljjcfsz3yk6knfk632%2ff60s4%2bp1ysbywajamgwm9nf7ilcm5gllm7f2dsn5rmnvdypokdwlvi8w0%2blh3f3wgn3kdx5xat%2b%2f4qujstz2xbwgwrvvsisp%2fsxjsxsg%3d%3d%7ctkp%3abk9sr-tgueitzg,"Aug 8, 2025",9.0,Brand New
size 9 - adidas yeezy boost 350 v2 granite,$115.00,https://www.ebay.com/itm/326704992361?_skw=adidas+yeezy+350&epid=11057875798&itmmeta=01k2f8ee12w6et23y418z78ks4&hash=item4c11229069:g:pfsaaeswgh5ohuf9&itmprp=enc%3aaqakaaaa8fkggfvd1ggdu0w3yxcmi1dwxilsabbth0kcpfki09xqrl6o1ggcul%2bm7lywm4exwyx0qdgeuqze33ddpxqoksbpybl5gkulwiuckkroigxklnnzi4fl9varlzw8%2fl8vtn9o1vylmlr6ohhawhmiucomd%2b3voi8rescbpgrzsmsulohoawnjp5titit1gflxxhrc%2fnbwuowtqebwr2bdxifwhzv6ybcz2cwd0d0hhuupxaicucvy%2fo0xbc0ipsioa5upojoft4bhmkl9%2bhhhsyvpzu8czknthpoi%2fhszjgj%2blammlvxzt6lfk03ljyritg%3d%3d%7ctkp%3abk9sr-tgueitzg,"Aug 7, 2025",9.0,Pre-Owned ¬∑
yeezy boost 350 v2 static/ static ef2905 size 9 men new,$170.00,https://www.ebay.com/itm/306394497007?_skw=adidas+yeezy+350&epid=22039804666&itmmeta=01k2f8ee129vvervbeq5j68ba6&hash=item475688ffef:g:fiqaaeswk7xodgcy&itmprp=enc%3aaqakaaaa8fkggfvd1ggdu0w3yxcmi1c0wnrbi5fgvvr11jqwya4hsnzlwtdstcnsurspwq1ejs54qoorjp9ce9cmwrn6vwumvlmk2s8npnyl3s1attkpzspaszq3ldyrbxmxbauz0ri71p8tz4dq2wy1gofr22mm60rnp6lq%2bq%2b2nz86z5isfpjrmfi9gylrf0uhhp5rtn%2fn%2bn6tx9ozmgwm%2fxyn30lgrfoeo9l28ya%2fgknt1n6d9d29ei%2b8o0rl%2bbx6pqdvu9hr6jmkx9vx%2fjcypz2zmdqp6n4odz%2b6u86acrulf6qmq7dtf3kpocjclyk2%2br4pqw%3d%3d%7ctkp%3abk9sr-tgueitzg,"Aug 7, 2025",9.0,Brand New
size 9 - adidas yeezy boost 350 v2 low mx dark salt,$71.00,https://www.ebay.com/itm/357403724488?_skw=adidas+yeezy+350&epid=25059126432&itmmeta=01k2f8djy5qh54mh20qz7zpf2e&hash=item5336ec0ac8:g:3zkaaeswjr5oau7t&itmprp=enc%3aaqakaaaa0fkggfvd1ggdu0w3yxcmi1djqjitkronxqne%2bjrbj%2fsqjs%2f1koqi9v54cmvitudgvrf67reyp77wutqk9gvybyzctwvrscjtxows%2ffp4ejqpgqx6lu%2fa1vs%2fdze0wtqoql3y%2fmwctztgvhwjc7i0rdhsljmspmlj8avct7vj--kvohtdaio3kdbwaycu2fwnrrxuzrvs0mm1zlbt9t2isno03ugve0uis6mbvyltsj1z1tzjwg%2bhla4q6kptav8xrg3gtn6ulibkm6%2f6h%2br29v8%3d%7ctkp%3abk9sr7svtuitzg,"Aug 10, 2025",9.0,Pre-Owned ¬∑
adidas  yeezy boost 350 v2 mx oat size 9 with box,$99.99,https://www.ebay.com/itm/388722791749?_skw=adidas+yeezy+350&epid=25050576107&itmmeta=01k2f8djy6x9ry2x5aysv70ez8&hash=item5a81af1545:g:vjaaaeswg95oeydy&itmprp=enc%3aaqakaaaa0fkggfvd1ggdu0w3yxcmi1c4abunaz%2fqiuaxeg0a1titiztrjpp52hzqdh2n3olkmx8limv4%2butbfehnc%2fc3grqvtkswi9nqazfs2yhshm%2fkaon35conmhxjv2ixm71oa%2bj6njlwgla8hpd51esbb8jslkxkfcaznyl9gs4w7wijsh1beqc9zb7yukhdhutlmgt490cda8ktmsgi5d9tubneqe4yxx4c0jcivpjmszwburlxxp%2bkz1gjdwonmzda7%2f6siieoqfy8wvsuafduujs%3d%7ctkp%3abk9sr7ivtuitzg,"Aug 10, 2025",9.0,Pre-Owned ¬∑
size 9 - adidas yeezy boost 350 v2 low light,$203.00,https://www.ebay.com/itm/365708964961?_skw=adidas+yeezy+350&epid=27048630784&itmmeta=01k2f8djy782kz169d119j8ws3&hash=item5525f3f461:g:buoaaesw6azozvdb&itmprp=enc%3aaqakaaaa0fkggfvd1ggdu0w3yxcmi1da%2bmzyejx3p%2bh1t7fgvgkx4tbm%2ffhsmdgegg0fx3jurxsnpmlvnyu%2bqhzzk%2biojf2wtfcnhh7ddmirtyxmcgr5%2fzu%2fm6zhrkffbi2s3rd5b0e%2b%2fm6ovjquonba5j8r9bfnkxzqr2rgaaacb8hljylzrvligawnadtp0t%2feph%2fccv0mnwup9bdwj6wurgggl5zhwcytvfxbljken3csrkkle6e8%2fzugs2s7e7%2bgnchelm51u9c77hgeaapvxaorl4o%3d%7ctkp%3abk9sr7qvtuitzg,"Aug 10, 2025",9.0,Brand New
size 9 - adidas yeezy boost 350 v2 low zebra,$85.00,https://www.ebay.com/itm/336104391197?_skw=adidas+yeezy+350&epid=25039792872&itmmeta=01k2f8djy770xed0mb5exnyxr6&hash=item4e4162021d:g:lucaaeswmq9oq-f4&itmprp=enc%3aaqakaaaa8fkggfvd1ggdu0w3yxcmi1cyylfkwwfbfq7aijyrusb4vscpeq4i0siggxb6funj4qfozvtkntizipdppyyo8bmux1aczjagneiamxwrhbzyqswn0akjgiqp29ildhuoxez6vpd8nkb2dfmewbqtugm%2fx%2bigbqbidbom52aqckfzv9afuur%2bj0a8zungm826uw5uhradvqver7xvafvky9tf%2fwsp5tvlwawppy%2bpx1%2fukid%2bpvoibjalcfd7b%2bkvc7u%2bxzpe6zdbjkgj7pmsqwp6c2ydf5qkujewehwsqll%2byta9subeq%2btphi9lwelpzg%3d%3d%7ctkp%3abk9sr7qvtuitzg,"Aug 10, 2025",9.0,Pre-Owned ¬∑
size 9 - yeezy boost 350 v2 carbon beluga worn once,$110.00,https://www.ebay.com/itm/136284948216?_skw=adidas+yeezy+350&epid=9059057913&itmmeta=01k2f8djy7e93ckhh0r897wnq0&hash=item1fbb3746f8:g:aswaaeswojpolr59&itmprp=enc%3aaqakaaaa0fkggfvd1ggdu0w3yxcmi1cmwda2%2b0a9hp8rxjzc5ig%2b4vq2z7lkfcb4ow0vdu%2ffnmps720hgcwcili3o4lguwpcdm2g%2bqrbc3nuprtnr8bjstdabvuclz0lpitzxruftisugweorh4oft2d0u0ptvewg%2ftahqga%2fu2btg%2bnjqeyng%2fbdnmqqltl28ul3pfmfmvvwthlzacyphlvufvomkpn4zzysjivfj0fva3xpuzjbxpwnr%2bdcdq6h77lxl7%2ft8nw2amblffo6tqpque8m0o%3d%7ctkp%3abk9sr7yvtuitzg,"Aug 10, 2025",9.0,Pre-Owned ¬∑
size 9 - adidas yeezy boost 350 v2 low zebra (used),$110.00,https://www.ebay.com/itm/336107675824?_skw=adidas+yeezy+350&epid=25039792872&itmmeta=01k2f8dszgwfmnz761wbtzm6q3&hash=item4e419420b0:g:ff4aaesw~qpokqok&itmprp=enc%3aaqakaaaa0fkggfvd1ggdu0w3yxcmi1c%2f5cyrbj8ngw%2f9hdrd86pewepxfgeqmoxanvyvnq4ibm%2bdyntff%2fm3khwbni%2fe%2fncmlrisppezfcnvf5cnav%2fnwuvoook0abg8jhqmmvt2bfkj5owkewqmsto23rg%2brrlskspsegxvpg1d55l%2byvuodromueuy46mtjwkklcrcbnlauj74mztts1moaiobov2z2sn53bwrt5%2f9x6ly%2flgvwqj%2fv6cmswjrqb2kspjpwxrj5oen2xhnfduv5frd95y%3d%7ctkp%3abk9sr4agt-itzg,"Aug 9, 2025",9.0,Pre-Owned ¬∑
size 9- adidas  yeezy boost 350 v2 low semi frozen yellow,$109.99,https://www.ebay.com/itm/267354405304?_skw=adidas+yeezy+350&itmmeta=01k2f8dszg6tkj1vwdvbpcrdjc&hash=item3e3f9079b8:g:hreaaeswfq1oksic&itmprp=enc%3aaqakaaaa8fkggfvd1ggdu0w3yxcmi1fvyhnnqezriy%2bynuncjrwy4hlcvguchigfenthadmpee2o0n3%2fcsdyvynkeviffacgcbpusiti9qtcoatvxsc3zodecn3acj4uzhjtfceltwhcejkfbp0%2brz91pssuxiawbe8%2bb%2fpzohv4kjfwgt5rc4nr6zqxo59lk9rq6gbla7cbluv7i003wm0kw%2bhdlwx0xjqq98zevmbag0mfunzcpxz91tqsligp6sdqz4vkyvwwfene%2ffrpigwfxepv55xl%2bdb2jky%2fwfukesqls37oc1dljmfqrrzc0vut0f98sa%3d%3d%7ctkp%3abk9sr4agt-itzg,"Aug 9, 2025",9.0,Pre-Owned ¬∑
